trna_loc	Total_RNA_control_1	Total_RNA_control_2	Total_RNA_treated_1	Total_RNA_treated_2	tRNA_control1	tRNA_control2	tRNA_treated1	tRNA_treated2
TF_tRNA-Ala-AGC-1-1,57(A)	0.0	0.0	0.0	0.0	1.0	1.0	0.0	0.0
TF_tRNA-Ala-AGC-11-1,58(A)	2.0	2.0	0.0	0.0	3.0	3.0	0.0	0.0
TF_tRNA-Ala-AGC-12-1,58(A)	0.0	0.0	0.0	0.0	2.0	1.0	0.0	0.0
TF_tRNA-Ala-AGC-15-1,58(A)	0.0	0.0	0.0	0.0	1.0	0.0	0.0	0.0
TF_tRNA-Ala-AGC-2-1,57(A)	1.0	1.0	0.0	0.0	1.0	1.0	0.0	0.0
TF_tRNA-Ala-AGC-3-1,57(A)	1.0	0.0	0.0	0.0	0.0	1.0	0.0	0.0
TF_tRNA-Ala-AGC-4-1,57(A)	2.0	2.0	0.0	0.0	3.0	3.0	0.0	0.0
TF_tRNA-Ala-AGC-6-1,57(A)	0.0	0.0	0.0	0.0	1.0	1.0	0.0	0.0
TF_tRNA-Ala-AGC-8-1,58(A)	2.0	1.0	0.0	0.0	3.0	3.0	0.0	0.0
TF_tRNA-Ala-CGC-3-1,57(A)	0.0	1.0	0.0	0.0	1.0	1.0	0.0	0.0
TF_tRNA-Ala-CGC-4-1,57(A)	1.0	1.0	0.0	0.0	0.0	0.0	0.0	0.0
TF_tRNA-Ala-CGC-4-1,58(A)	1.0	1.0	0.0	0.0	0.0	0.0	0.0	0.0
TF_tRNA-Ala-TGC-2-1,57(A)	1.0	0.0	0.0	0.0	2.0	2.0	0.0	0.0
TF_tRNA-Ala-TGC-3-1,57(A)	3.0	2.0	0.0	0.0	2.0	2.0	0.0	0.0
TF_tRNA-Ala-TGC-4-1,57(A)	1.0	1.0	0.0	0.0	1.0	1.0	0.0	0.0
TF_tRNA-Ala-TGC-5-1,57(A)	2.0	2.0	0.0	0.0	0.0	0.0	0.0	0.0
TF_tRNA-Arg-ACG-1-1,58(A)	2.0	3.0	0.0	1.0	3.0	3.0	0.0	0.0
TF_tRNA-Arg-ACG-2-1,58(A)	2.0	2.0	0.0	1.0	2.0	3.0	0.0	0.0
TF_tRNA-Arg-CCG-1-1,58(A)	3.0	3.0	2.0	2.0	3.0	3.0	0.0	0.0
TF_tRNA-Arg-CCG-2-1,58(A)	2.0	3.0	1.0	2.0	3.0	3.0	0.0	0.0
TF_tRNA-Arg-TCG-1-1,58(A)	2.0	1.0	0.0	0.0	2.0	2.0	0.0	0.0
TF_tRNA-Arg-TCG-2-1,58(A)	2.0	2.0	0.0	0.0	3.0	2.0	0.0	0.0
TF_tRNA-Arg-TCG-4-1,58(A)	0.0	0.0	0.0	0.0	2.0	2.0	0.0	0.0
TF_tRNA-Arg-TCG-5-1,58(A)	2.0	2.0	0.0	0.0	3.0	4.0	0.0	0.0
TF_tRNA-Asn-GTT-2-1,59(A)	2.0	2.0	0.0	1.0	4.0	3.0	0.0	0.0
TF_tRNA-Asn-GTT-3-1,59(A)	2.0	2.0	1.0	1.0	3.0	3.0	0.0	0.0
TF_tRNA-Asp-GTC-2-1,57(A)	0.0	0.0	0.0	0.0	2.0	1.0	1.0	0.0
TF_tRNA-Cys-GCA-11-1,57(A)	1.0	1.0	1.0	1.0	1.0	2.0	0.0	0.0
TF_tRNA-Cys-GCA-14-1,57(A)	0.0	0.0	0.0	0.0	0.0	1.0	0.0	0.0
TF_tRNA-Cys-GCA-4-1,57(A)	1.0	1.0	0.0	0.0	1.0	1.0	0.0	0.0
TF_tRNA-Gln-CTG-1-1,57(A)	1.0	1.0	0.0	0.0	3.0	3.0	0.0	0.0
TF_tRNA-Gln-CTG-2-1,57(A)	0.0	0.0	0.0	0.0	1.0	1.0	0.0	0.0
TF_tRNA-Gln-CTG-3-1,57(A)	0.0	0.0	0.0	0.0	1.0	1.0	0.0	0.0
TF_tRNA-Gln-TTG-1-1,57(A)	1.0	1.0	0.0	0.0	1.0	1.0	0.0	0.0
TF_tRNA-Gln-TTG-2-1,57(A)	0.0	0.0	0.0	0.0	1.0	0.0	0.0	0.0
TF_tRNA-Gln-TTG-3-1,57(A)	1.0	1.0	0.0	0.0	1.0	1.0	0.0	0.0
TF_tRNA-Glu-CTC-1-1,57(A)	3.0	3.0	2.0	1.0	1.0	2.0	0.0	0.0
TF_tRNA-Glu-TTC-1-1,57(A)	2.0	1.0	0.0	0.0	2.0	2.0	0.0	0.0
TF_tRNA-Glu-TTC-4-2,57(A)	1.0	2.0	0.0	0.0	0.0	0.0	0.0	0.0
TF_tRNA-Gly-CCC-2-1,56(A)	1.0	0.0	0.0	0.0	2.0	2.0	1.0	1.0
TF_tRNA-Gly-GCC-1-1,56(A)	1.0	1.0	0.0	0.0	3.0	3.0	0.0	0.0
TF_tRNA-Gly-GCC-2-1,56(A)	0.0	1.0	0.0	0.0	2.0	1.0	0.0	0.0
TF_tRNA-Gly-TCC-2-1,57(A)	1.0	1.0	1.0	1.0	1.0	1.0	1.0	1.0
TF_tRNA-His-GTG-1-1,57(A)	4.0	3.0	1.0	1.0	7.0	5.0	2.0	2.0
TF_tRNA-Ile-AAT-5-1,59(A)	1.0	1.0	0.0	0.0	2.0	1.0	0.0	0.0
TF_tRNA-Lys-CTT-1-1,58(A)	0.0	0.0	0.0	0.0	1.0	1.0	0.0	0.0
TF_tRNA-Lys-CTT-2-1,58(A)	0.0	1.0	0.0	0.0	1.0	2.0	0.0	0.0
TF_tRNA-Lys-CTT-4-1,58(A)	0.0	0.0	0.0	0.0	1.0	1.0	0.0	0.0
TF_tRNA-Lys-TTT-1-1,58(A)	1.0	1.0	0.0	0.0	1.0	1.0	0.0	0.0
TF_tRNA-Lys-TTT-2-1,58(A)	1.0	2.0	1.0	1.0	1.0	1.0	0.0	0.0
TF_tRNA-Lys-TTT-3-1,58(A)	3.0	3.0	2.0	1.0	3.0	3.0	1.0	1.0
TF_tRNA-Met-CAT-2-1,58(A)	1.0	1.0	0.0	0.0	1.0	2.0	0.0	0.0
TF_tRNA-Met-CAT-3-1,58(A)	0.0	0.0	0.0	0.0	2.0	1.0	0.0	0.0
TF_tRNA-Met-CAT-4-1,58(A)	0.0	0.0	0.0	0.0	0.0	1.0	0.0	0.0
TF_tRNA-Met-CAT-6-1,58(A)	0.0	0.0	0.0	0.0	1.0	1.0	0.0	0.0
TF_tRNA-Phe-GAA-1-1,58(A)	3.0	3.0	3.0	2.0	3.0	3.0	1.0	1.0
TF_tRNA-Phe-GAA-3-1,58(A)	1.0	1.0	0.0	0.0	1.0	1.0	0.0	0.0
TF_tRNA-Pro-TGG-1-1,57(A)	1.0	1.0	1.0	0.0	1.0	2.0	0.0	0.0
TF_tRNA-Pro-TGG-2-1,57(A)	0.0	1.0	0.0	0.0	1.0	1.0	0.0	0.0
TF_tRNA-Pro-TGG-3-1,57(A)	0.0	0.0	0.0	0.0	1.0	1.0	0.0	0.0
TF_tRNA-Ser-AGA-4-1,67(A)	1.0	1.0	0.0	0.0	2.0	1.0	0.0	0.0
TF_tRNA-Ser-AGA-5-1,57(A)	0.0	1.0	0.0	0.0	1.0	1.0	0.0	0.0
TF_tRNA-Ser-GCT-3-1,67(A)	1.0	1.0	0.0	0.0	2.0	2.0	0.0	0.0
TF_tRNA-Thr-AGT-1-1,59(A)	0.0	0.0	0.0	0.0	1.0	2.0	0.0	0.0
TF_tRNA-Thr-CGT-3-1,59(A)	0.0	0.0	0.0	0.0	0.0	1.0	0.0	0.0
TF_tRNA-Thr-TGT-1-1,59(A)	0.0	0.0	0.0	0.0	1.0	2.0	0.0	0.0
TF_tRNA-Thr-TGT-4-1,58(A)	0.0	1.0	0.0	0.0	1.0	1.0	0.0	0.0
TF_tRNA-Trp-CCA-1-1,57(A)	1.0	1.0	0.0	0.0	1.0	1.0	0.0	0.0
TF_tRNA-Trp-CCA-2-1,57(A)	1.0	2.0	0.0	0.0	1.0	2.0	0.0	0.0
TF_tRNA-Trp-CCA-4-1,57(A)	2.0	2.0	0.0	0.0	2.0	2.0	0.0	0.0
TF_tRNA-Val-AAC-2-1,58(A)	1.0	0.0	0.0	0.0	1.0	1.0	0.0	0.0
TF_tRNA-Val-CAC-1-1,58(A)	2.0	2.0	2.0	2.0	7.0	6.0	0.0	0.0
TF_tRNA-Val-CAC-2-1,58(A)	0.0	0.0	0.0	0.0	1.0	1.0	0.0	0.0
TF_tRNA-Val-CAC-3-1,58(A)	0.0	1.0	0.0	0.0	0.0	0.0	0.0	0.0
TF_tRNA-Val-TAC-1-1,58(A)	1.0	1.0	0.0	0.0	3.0	2.0	0.0	0.0
TF_tRNA-Val-TAC-2-1,58(A)	1.0	1.0	0.0	0.0	2.0	2.0	0.0	0.0
TF_tRNA-iMet-CAT-1-1,57(A)	2.0	1.0	0.0	0.0	5.0	4.0	0.0	0.0
TF_tRNA-iMet-CAT-1-1,59(A)	0.0	0.0	0.0	0.0	1.0	1.0	0.0	0.0
