	#SampleID	family	loc	ref	mut_reads	total_reads	ratio	muts	mut_num	tRNA_IDs	tRNA_num	uni_reads	ratio_max	mut_read_mean	SampleDes
0	SRR1836123	tRFM#tRNA-Ala-AGC-1-1	57	A	12.0	48.0	0.25	T	12	tRNA-Ala-AGC-1-1	1	1	0.2857142857142857	15.0	tRNA_control1
1	SRR1836123	tRFM#tRNA-Ala-AGC-11-1	58	A	158.0	158.0	1.0	T,C,G	43,20,95	tRNA-Ala-AGC-11-1	1	3	1.0	100.75	tRNA_control1
2	SRR1836123	tRFM#tRNA-Ala-AGC-12-1	58	A	32.0	32.0	1.0	T,G	12,20	tRNA-Ala-AGC-12-3	1	2	1.0	25.5	tRNA_control1
3	SRR1836123	tRFM#tRNA-Ala-AGC-15-1	58	A	10.0	10.0	1.0	G	10	tRNA-Ala-AGC-15-1	1	1	1.0	10.0	tRNA_control1
4	SRR1836123	tRFM#tRNA-Ala-AGC-2-1	57	A	35.0	48.0	0.7291666666666666	T	35	tRNA-Ala-AGC-7-1	1	1	0.788142272392139	30.25	tRNA_control1
5	SRR1836123	tRFM#tRNA-Ala-AGC-4-1	57	A	135.0	146.0	0.9246575342465754	G,T,C	25,97,13	tRNA-Ala-AGC-4-1	1	3	1.0	93.5	tRNA_control1
6	SRR1836123	tRFM#tRNA-Ala-AGC-6-1	57	A	19.0	19.0	1.0	T	19	tRNA-Ala-AGC-6-1	1	1	1.0	24.5	tRNA_control1
7	SRR1836123	tRFM#tRNA-Ala-AGC-8-1	58	A	115.0	115.0	1.0	T,G,C	48,55,12	tRNA-Ala-AGC-8-2	1	3	1.0	86.75	tRNA_control1
8	SRR1836123	tRFM#tRNA-Ala-CGC-3-1	57	A	20.0	20.0	1.0	T	20	tRNA-Ala-CGC-3-1	1	1	1.0	19.333333333333332	tRNA_control1
9	SRR1836123	tRFM#tRNA-Ala-TGC-2-1	57	A	43.0	64.0	0.671875	T,G	32,11	tRNA-Ala-TGC-2-1	1	2	0.7421383647798742	37.666666666666664	tRNA_control1
10	SRR1836123	tRFM#tRNA-Ala-TGC-3-1	57	A	71.0	83.0	0.8554216867469879	T,G	49,22	tRNA-Ala-TGC-3-2	1	2	0.8923766816143498	124.75	tRNA_control1
11	SRR1836123	tRFM#tRNA-Ala-TGC-4-1	57	A	13.0	13.0	1.0	T	13	tRNA-Ala-TGC-4-1	1	1	1.0	11.75	tRNA_control1
12	SRR1836123	tRFM#tRNA-Arg-ACG-1-1	58	A	221.0	221.0	1.0	G,T,C	125,77,19	tRNA-Arg-ACG-1-3	1	3	1.0	116.6	tRNA_control1
13	SRR1836123	tRFM#tRNA-Arg-ACG-2-1	58	A	116.0	116.0	1.0	G,T	74,42	tRNA-Arg-ACG-2-4	1	2	1.0	76.8	tRNA_control1
14	SRR1836123	tRFM#tRNA-Arg-CCG-1-1	58	A	584.0	591.25	0.9877378435517971	T,G,C	359,189,36	tRNA-Arg-CCG-1-3	1	3	1.0	300.1666666666667	tRNA_control1
15	SRR1836123	tRFM#tRNA-Arg-CCG-2-1	58	A	263.0	276.0	0.9528985507246377	T,G,C	132,110,21	tRNA-Arg-CCG-2-1	1	3	1.0	162.66666666666666	tRNA_control1
16	SRR1836123	tRFM#tRNA-Arg-TCG-1-1	58	A	90.0	90.0	1.0	T,G	50,40	tRNA-Arg-TCG-1-1	1	2	1.0	49.25	tRNA_control1
17	SRR1836123	tRFM#tRNA-Arg-TCG-2-1	58	A	121.0	121.0	1.0	T,G,C	46,62,13	tRNA-Arg-TCG-2-1	1	3	1.0	77.75	tRNA_control1
18	SRR1836123	tRFM#tRNA-Arg-TCG-4-1	58	A	28.0	28.0	1.0	G,T	12,16	tRNA-Arg-TCG-4-1	1	2	1.0	28.0	tRNA_control1
19	SRR1836123	tRFM#tRNA-Arg-TCG-5-1	58	A	243.0	253.0	0.9604743083003953	T,G,C	83,139,21	tRNA-Arg-TCG-5-1	1	3	1.0	160.25	tRNA_control1
20	SRR1836123	tRFM#tRNA-Arg-TCT-1-1	46	A	41.0	41.0	1.0	G,T	14,27	tRNA-Arg-TCT-1-1	1	2	1.0	32.333333333333336	tRNA_control1
21	SRR1836123	tRFM#tRNA-Arg-TCT-2-1	43	A	15.0	15.0	1.0	G	15	tRNA-Arg-TCT-2-1	1	1	1.0	15.0	tRNA_control1
22	SRR1836123	tRFM#tRNA-Arg-TCT-3-1	45	A	10.0	10.0	1.0	T	10	tRNA-Arg-TCT-3-2	1	1	1.0	10.0	tRNA_control1
23	SRR1836123	tRFM#tRNA-Asn-GTT-2-1	27	G	63.0	63.0	1.0	T	63	tRNA-Asn-GTT-chr1-21	1	1	1.0	45.125	tRNA_control1
24	SRR1836123	tRFM#tRNA-Asn-GTT-2-1	59	A	129.656	129.656	1.0	T,C,G,T,C,G,T,C,G,T,C,G,T,C,G,T,C,G,T,C,G,T,C,G	5,1,1,5,1,1,5,1,1,5,1,1,5,1,1,5,1,1,5,1,1,47,1,22	tRNA-Asn-GTT-2-1,tRNA-Asn-GTT-2-2,tRNA-Asn-GTT-2-3,tRNA-Asn-GTT-2-4,tRNA-Asn-GTT-2-5,tRNA-Asn-GTT-2-6,tRNA-Asn-GTT-chr1-110,tRNA-Asn-GTT-chr1-21	8	4	1.0	53.0656	tRNA_control1
25	SRR1836123	tRFM#tRNA-Asn-GTT-3-1	59	A	137.332	137.332	1.0	T,G,C	94,28,14	tRNA-Asn-GTT-3-1	1	3	1.0	65.111	tRNA_control1
26	SRR1836123	tRFM#tRNA-Asp-GTC-1-1	9	A	13.0	13.0	1.0	T	13	tRNA-Asp-GTC-1-1	1	1	1.0	13.0	tRNA_control1
27	SRR1836123	tRFM#tRNA-Asp-GTC-2-1	9	A	219.993	293.99	0.7483009626177761	T,T,T,T,T,T,T,T,T,T,T	14,14,14,14,14,14,14,14,14,14,76	tRNA-Asp-GTC-2-1,tRNA-Asp-GTC-2-10,tRNA-Asp-GTC-2-11,tRNA-Asp-GTC-2-2,tRNA-Asp-GTC-2-3,tRNA-Asp-GTC-2-4,tRNA-Asp-GTC-2-5,tRNA-Asp-GTC-2-6,tRNA-Asp-GTC-2-7,tRNA-Asp-GTC-2-8,tRNA-Asp-GTC-2-9	11	2	0.8214496169711255	86.625375	tRNA_control1
29	SRR1836123	tRFM#tRNA-Asp-GTC-2-1	50	G	13.0	120.92399999999999	0.10750554067017301	T	13	tRNA-Asp-GTC-2-9	1	1	0.10750554067017301	13.0	tRNA_control1
30	SRR1836123	tRFM#tRNA-Asp-GTC-2-1	57	A	27.000999999999998	710.1639999999999	0.03802079519660248	T,T,T,T,T,T,T,T,T,T,T	1,1,1,1,1,1,1,1,1,1,16	tRNA-Asp-GTC-2-1,tRNA-Asp-GTC-2-10,tRNA-Asp-GTC-2-11,tRNA-Asp-GTC-2-2,tRNA-Asp-GTC-2-3,tRNA-Asp-GTC-2-4,tRNA-Asp-GTC-2-5,tRNA-Asp-GTC-2-6,tRNA-Asp-GTC-2-7,tRNA-Asp-GTC-2-8,tRNA-Asp-GTC-2-9	11	2	0.1325293221125174	17.668666666666667	tRNA_control1
34	SRR1836123	tRFM#tRNA-Cys-GCA-11-1	57	A	93.0	94.5	0.9841269841269841	T	93	tRNA-Cys-GCA-11-1	1	1	1.0	59.333333333333336	tRNA_control1
35	SRR1836123	tRFM#tRNA-Cys-GCA-4-1	57	A	46.0	46.0	1.0	T	46	tRNA-Cys-GCA-4-1	1	1	1.0	32.5	tRNA_control1
36	SRR1836123	tRFM#tRNA-Gln-CTG-1-1	9	G	10.0	15.0	0.6666666666666666	C	10	tRNA-Gln-CTG-1-5	1	1	0.6666666666666666	10.0	tRNA_control1
37	SRR1836123	tRFM#tRNA-Gln-CTG-1-1	57	A	398.99999999999994	432.0	0.9236111111111109	T,C,T,C,T,C,T,C,T,C	68,2,68,2,68,2,68,2,110,2	tRNA-Gln-CTG-1-1,tRNA-Gln-CTG-1-2,tRNA-Gln-CTG-1-3,tRNA-Gln-CTG-1-4,tRNA-Gln-CTG-1-5	5	3	1.0	192.25	tRNA_control1
38	SRR1836123	tRFM#tRNA-Gln-CTG-2-1	57	A	57.0	57.0	1.0	T	57	tRNA-Gln-CTG-2-1	1	1	1.0	45.0	tRNA_control1
39	SRR1836123	tRFM#tRNA-Gln-CTG-3-1	57	A	11.0	11.0	1.0	G,G	5,5	tRNA-Gln-CTG-3-1,tRNA-Gln-CTG-3-2	2	1	1.0	11.0	tRNA_control1
40	SRR1836123	tRFM#tRNA-Gln-TTG-1-1	57	A	28.25	28.25	1.0	T	28	tRNA-Gln-TTG-1-1	1	1	1.0	12.8125	tRNA_control1
41	SRR1836123	tRFM#tRNA-Gln-TTG-2-1	57	A	10.0	10.0	1.0	T	10	tRNA-Gln-TTG-2-1	1	1	1.0	10.0	tRNA_control1
42	SRR1836123	tRFM#tRNA-Gln-TTG-3-1	57	A	84.75	84.75	1.0	T,T,T	28,28,28	tRNA-Gln-TTG-3-1,tRNA-Gln-TTG-3-2,tRNA-Gln-TTG-3-3	3	1	1.0	38.4375	tRNA_control1
43	SRR1836123	tRFM#tRNA-Glu-CTC-1-1	9	G	19.999	123.004	0.16258820851354425	T,T,T,T,T,T,T	2,2,2,2,2,2,2	tRNA-Glu-CTC-1-1,tRNA-Glu-CTC-1-2,tRNA-Glu-CTC-1-3,tRNA-Glu-CTC-1-4,tRNA-Glu-CTC-1-5,tRNA-Glu-CTC-1-6,tRNA-Glu-CTC-1-7	7	1	0.18419373301842729	26.998625000000004	tRNA_control1
44	SRR1836123	tRFM#tRNA-Glu-CTC-1-1	57	A	66.003	168.007	0.39285863089037953	T,T,T,T,T,T,T	9,9,9,9,9,9,9	tRNA-Glu-CTC-1-1,tRNA-Glu-CTC-1-2,tRNA-Glu-CTC-1-3,tRNA-Glu-CTC-1-4,tRNA-Glu-CTC-1-5,tRNA-Glu-CTC-1-6,tRNA-Glu-CTC-1-7	7	1	0.4543243790031072	273.0013333333334	tRNA_control1
45	SRR1836123	tRFM#tRNA-Glu-TTC-1-1	9	G	26.0	26.0	1.0	T,T	5,21	tRNA-Glu-TTC-1-1,tRNA-Glu-TTC-1-2	2	2	1.0	17.8	tRNA_control1
46	SRR1836123	tRFM#tRNA-Glu-TTC-1-1	57	A	33.0	43.0	0.7674418604651163	G,G	8,24	tRNA-Glu-TTC-1-1,tRNA-Glu-TTC-1-2	2	2	0.7727272727272727	26.5	tRNA_control1
47	SRR1836123	tRFM#tRNA-Glu-TTC-2-1	9	G	11.0	11.0	1.0	T,T	5,5	tRNA-Glu-TTC-2-1,tRNA-Glu-TTC-2-2	2	1	1.0	29.833333333333332	tRNA_control1
48	SRR1836123	tRFM#tRNA-Gly-CCC-2-1	12	G	10.0	56.5	0.17699115044247787	T	10	tRNA-Gly-CCC-2-2	1	1	0.1889763779527559	11.0	tRNA_control1
49	SRR1836123	tRFM#tRNA-Gly-CCC-2-1	56	A	254.0	254.0	1.0	T,T	116,138	tRNA-Gly-CCC-2-1,tRNA-Gly-CCC-2-2	2	2	1.0	97.6	tRNA_control1
51	SRR1836123	tRFM#tRNA-Gly-GCC-1-1	56	A	401.0	401.0	1.0	T,G,T,G,T,G,T,G,T,G	67,6,67,6,67,6,67,6,97,6	tRNA-Gly-GCC-1-1,tRNA-Gly-GCC-1-2,tRNA-Gly-GCC-1-3,tRNA-Gly-GCC-1-4,tRNA-Gly-GCC-1-5	5	3	1.0000000000000002	185.5	tRNA_control1
52	SRR1836123	tRFM#tRNA-Gly-GCC-2-1	56	A	214.99800000000002	214.998	1.0000000000000002	T,G,T,G,T,G,T,G,T,G,T,G	34,1,34,1,34,1,34,1,34,1,34,1	tRNA-Gly-GCC-2-1,tRNA-Gly-GCC-2-2,tRNA-Gly-GCC-2-3,tRNA-Gly-GCC-2-4,tRNA-Gly-GCC-2-5,tRNA-Gly-GCC-2-6	6	2	1.0000000000000002	123.0	tRNA_control1
53	SRR1836123	tRFM#tRNA-Gly-TCC-2-1	57	A	57.0	57.0	1.0	T,T,T,T,T,T	9,9,9,9,9,9	tRNA-Gly-TCC-2-1,tRNA-Gly-TCC-2-2,tRNA-Gly-TCC-2-3,tRNA-Gly-TCC-2-4,tRNA-Gly-TCC-2-5,tRNA-Gly-TCC-2-6	6	1	1.0	39.62475	tRNA_control1
54	SRR1836123	tRFM#tRNA-His-GTG-1-1	37	G	68.0	84.333	0.8063272977363547	T,C	19,49	tRNA-His-GTG-1-9	1	2	0.8063272977363547	56.0	tRNA_control1
55	SRR1836123	tRFM#tRNA-His-GTG-1-1	57	A	452.99699999999996	452.99699999999996	1.0	G,T,C,G,T,C,G,T,C,G,T,C,G,T,C,G,T,C,G,T,C,G,T,C,C,G,-,T	9,5,1,9,5,1,9,5,1,9,5,1,9,5,1,9,5,1,9,5,1,9,5,1,28,144,10,139	tRNA-His-GTG-1-1,tRNA-His-GTG-1-2,tRNA-His-GTG-1-3,tRNA-His-GTG-1-4,tRNA-His-GTG-1-5,tRNA-His-GTG-1-6,tRNA-His-GTG-1-7,tRNA-His-GTG-1-8,tRNA-His-GTG-1-9	9	7	1.0	156.24925000000002	tRNA_control1
56	SRR1836123	tRFM#tRNA-Ile-AAT-5-1	35	A	34.0	34.0	1.0	G	34	tRNA-Ile-AAT-5-5	1	1	1.0	60.828125	tRNA_control1
57	SRR1836123	tRFM#tRNA-Ile-AAT-5-1	59	A	34.0	34.0	1.0	G,T	13,21	tRNA-Ile-AAT-5-5	1	2	1.0	18.75	tRNA_control1
58	SRR1836123	tRFM#tRNA-Ile-TAT-2-1	27	G	26.0	26.0	1.0	A	26	tRNA-Ile-TAT-2-3	1	1	1.0	23.666833333333333	tRNA_control1
59	SRR1836123	tRFM#tRNA-Ile-TAT-2-1	39	A	46.0	46.0	1.0	T,T,G	10,24,12	tRNA-Ile-TAT-2-2,tRNA-Ile-TAT-2-3	2	3	1.0	39.5	tRNA_control1
60	SRR1836123	tRFM#tRNA-Ile-TAT-2-1	40	A	10.0	10.0	1.0	T	10	tRNA-Ile-TAT-2-1	1	1	1.0	10.0	tRNA_control1
61	SRR1836123	tRFM#tRNA-Leu-CAA-2-1	69	A	18.0	18.0	1.0	G	18	tRNA-Leu-CAA-2-1	1	1	1.0	26.5	tRNA_control1
62	SRR1836123	tRFM#tRNA-Leu-CAG-1-1	51	C	61.0	61.0	1.0	A,T	13,48	tRNA-Leu-CAG-1-7	1	2	1.0	42.75	tRNA_control1
63	SRR1836123	tRFM#tRNA-Leu-CAG-1-1	68	A	113.0	113.0	1.0	G,T	73,40	tRNA-Leu-CAG-1-7	1	2	1.0	73.0	tRNA_control1
64	SRR1836123	tRFM#tRNA-Leu-TAA-1-1	68	A	75.0	75.0	1.0	C,T,G	11,41,23	tRNA-Leu-TAA-1-1	1	3	1.0	82.25	tRNA_control1
65	SRR1836123	tRFM#tRNA-Leu-TAA-3-1	68	A	13.0	13.0	1.0	T	13	tRNA-Leu-TAA-3-1	1	1	1.0	19.5	tRNA_control1
66	SRR1836123	tRFM#tRNA-Lys-CTT-1-1	58	A	43.0	43.0	1.0	T,T	21,21	tRNA-Lys-CTT-1-1,tRNA-Lys-CTT-1-2	2	1	1.0	27.5	tRNA_control1
67	SRR1836123	tRFM#tRNA-Lys-CTT-2-1	58	A	69.0	69.0	1.0	T,T,T,T,T	13,13,13,13,13	tRNA-Lys-CTT-2-1,tRNA-Lys-CTT-2-2,tRNA-Lys-CTT-2-3,tRNA-Lys-CTT-2-4,tRNA-Lys-CTT-2-5	5	1	1.0	48.0	tRNA_control1
68	SRR1836123	tRFM#tRNA-Lys-CTT-4-1	58	A	11.0	11.0	1.0	T	11	tRNA-Lys-CTT-4-1	1	1	1.0	14.0	tRNA_control1
69	SRR1836123	tRFM#tRNA-Lys-TTT-1-1	58	A	14.0	14.0	1.0	T	14	tRNA-Lys-TTT-1-1	1	1	1.0	21.75	tRNA_control1
70	SRR1836123	tRFM#tRNA-Lys-TTT-2-1	58	A	64.0	69.0	0.927536231884058	T	64	tRNA-Lys-TTT-2-1	1	1	0.946236559139785	60.0	tRNA_control1
71	SRR1836123	tRFM#tRNA-Lys-TTT-2-1	69	A	13.0	69.0	0.18840579710144928	T	13	tRNA-Lys-TTT-2-1	1	1	0.18840579710144928	11.666666666666666	tRNA_control1
72	SRR1836123	tRFM#tRNA-Lys-TTT-3-1	58	A	707.0	718.2000000000002	0.9844054580896684	T,G,C	618,58,31	tRNA-Lys-TTT-3-5	1	3	0.9844054580896684	345.125	tRNA_control1
75	SRR1836123	tRFM#tRNA-Met-CAT-2-1	26	G	18.0	18.0	1.0	A	18	tRNA-Met-CAT-2-1	1	1	1.0	12.3125	tRNA_control1
76	SRR1836123	tRFM#tRNA-Met-CAT-2-1	58	A	18.0	18.0	1.0	T	18	tRNA-Met-CAT-2-1	1	1	1.0	22.625	tRNA_control1
77	SRR1836123	tRFM#tRNA-Met-CAT-3-1	26	G	15.0	15.0	1.0	A	15	tRNA-Met-CAT-3-2	1	1	1.0	13.0	tRNA_control1
78	SRR1836123	tRFM#tRNA-Met-CAT-3-1	58	A	26.0	26.0	1.0	T,T	5,20	tRNA-Met-CAT-3-1,tRNA-Met-CAT-3-2	2	2	1.0	18.5	tRNA_control1
79	SRR1836123	tRFM#tRNA-Met-CAT-6-1	26	G	20.0	20.0	1.0	A	20	tRNA-Met-CAT-6-1	1	1	1.0	23.333333333333332	tRNA_control1
80	SRR1836123	tRFM#tRNA-Met-CAT-6-1	58	A	33.0	33.0	1.0	T	33	tRNA-Met-CAT-6-1	1	1	1.0	32.5	tRNA_control1
81	SRR1836123	tRFM#tRNA-Phe-GAA-1-1	58	A	687.0	691.0	0.9942112879884226	T,G,C	393,212,82	tRNA-Phe-GAA-1-6	1	3	0.9942112879884226	268.875	tRNA_control1
82	SRR1836123	tRFM#tRNA-Phe-GAA-3-1	58	A	50.0	50.0	1.0	T	50	tRNA-Phe-GAA-3-1	1	1	1.0	34.25	tRNA_control1
83	SRR1836123	tRFM#tRNA-Phe-GAA-6-1	27	T	12.0	12.0	1.0	C	12	tRNA-Phe-GAA-6-1	1	1	1.0	19.875	tRNA_control1
84	SRR1836123	tRFM#tRNA-Phe-GAA-6-1	28	T	12.0	12.0	1.0	C	12	tRNA-Phe-GAA-6-1	1	1	1.0	19.875	tRNA_control1
85	SRR1836123	tRFM#tRNA-Pro-TGG-1-1	57	A	129.0	129.0	1.0	T	129	tRNA-Pro-TGG-1-1	1	1	1.0	74.6	tRNA_control1
86	SRR1836123	tRFM#tRNA-Pro-TGG-2-1	57	A	11.0	11.0	1.0	T	11	tRNA-Pro-TGG-2-1	1	1	1.0	12.0	tRNA_control1
87	SRR1836123	tRFM#tRNA-Pro-TGG-3-1	33	T	10.0	10.0	1.0	G	10	tRNA-Pro-TGG-3-5	1	1	1.0	49.70875	tRNA_control1
88	SRR1836123	tRFM#tRNA-Pro-TGG-3-1	57	A	10.0	10.0	1.0	T	10	tRNA-Pro-TGG-3-5	1	1	1.0	12.0	tRNA_control1
89	SRR1836123	tRFM#tRNA-Ser-AGA-4-1	67	A	33.0	33.0	1.0	T,G	19,14	tRNA-Ser-AGA-4-1	1	2	1.0	19.5	tRNA_control1
90	SRR1836123	tRFM#tRNA-Ser-AGA-5-1	57	A	14.0	14.0	1.0	T	14	tRNA-Ser-AGA-5-1	1	1	1.0	16.333333333333332	tRNA_control1
91	SRR1836123	tRFM#tRNA-Ser-GCT-3-1	67	A	55.0	55.0	1.0	G,T	42,13	tRNA-Ser-GCT-3-1	1	2	1.0	36.0	tRNA_control1
92	SRR1836123	tRFM#tRNA-Thr-AGT-1-1	59	A	40.0	40.0	1.0	G	40	tRNA-Thr-AGT-1-3	1	1	1.0	43.5	tRNA_control1
93	SRR1836123	tRFM#tRNA-Thr-TGT-1-1	59	A	15.0	15.0	1.0	G	15	tRNA-Thr-TGT-1-1	1	1	1.0	26.0	tRNA_control1
94	SRR1836123	tRFM#tRNA-Thr-TGT-4-1	58	A	25.0	25.0	1.0	T	25	tRNA-Thr-TGT-4-1	1	1	1.0	23.666666666666668	tRNA_control1
95	SRR1836123	tRFM#tRNA-Trp-CCA-1-1	57	A	76.0	78.2	0.9718670076726342	T	76	tRNA-Trp-CCA-1-1	1	1	1.0	63.25	tRNA_control1
96	SRR1836123	tRFM#tRNA-Trp-CCA-2-1	57	A	99.0	99.0	1.0	T	99	tRNA-Trp-CCA-2-1	1	1	1.0	88.0	tRNA_control1
97	SRR1836123	tRFM#tRNA-Trp-CCA-4-1	57	A	64.0	64.0	1.0	G,T	35,29	tRNA-Trp-CCA-4-1	1	2	1.0	53.25	tRNA_control1
98	SRR1836123	tRFM#tRNA-Tyr-GTA-2-1	42	A	157.0	158.833	0.9884595770400357	T,G	137,20	tRNA-Tyr-GTA-2-1	1	2	1.0	93.2	tRNA_control1
99	SRR1836123	tRFM#tRNA-Tyr-GTA-3-1	42	A	25.0	25.0	1.0	G,T	12,13	tRNA-Tyr-GTA-3-1	1	2	1.0	27.5	tRNA_control1
100	SRR1836123	tRFM#tRNA-Tyr-GTA-8-1	41	A	100.0	100.0	1.0	T,G,C	55,33,12	tRNA-Tyr-GTA-8-1	1	3	1.0	53.75	tRNA_control1
101	SRR1836123	tRFM#tRNA-Val-AAC-2-1	34	A	171.0	171.0	1.0	G	171	tRNA-Val-AAC-2-1	1	1	1.0	135.57142857142858	tRNA_control1
102	SRR1836123	tRFM#tRNA-Val-AAC-2-1	58	A	161.0	174.142	0.9245328524996842	G	161	tRNA-Val-AAC-2-1	1	1	1.0	106.33333333333333	tRNA_control1
103	SRR1836123	tRFM#tRNA-Val-CAC-1-1	34	C	1179.0	2763.0	0.42671009771986973	G,G,G,G,G,G,G,G	10,10,10,10,10,10,10,1104	tRNA-Val-CAC-1-1,tRNA-Val-CAC-1-2,tRNA-Val-CAC-1-3,tRNA-Val-CAC-1-4,tRNA-Val-CAC-1-5,tRNA-Val-CAC-1-6,tRNA-Val-CAC-5-1,tRNA-Val-CAC-chr1-93	8	2	0.5257352941176471	692.375	tRNA_control1
105	SRR1836123	tRFM#tRNA-Val-CAC-1-1	58	A	2856.0	3153.1360000000004	0.9057649273612047	G,-,T,C,G,-,T,C,G,-,T,C,G,-,T,C,G,-,T,C,G,-,T,C,G,-,T,C,G,-,T,C	153,14,2,1,153,14,2,1,153,14,2,1,153,14,2,1,153,14,2,1,153,14,2,1,153,14,2,1,1497,103,44,1	tRNA-Val-CAC-1-1,tRNA-Val-CAC-1-2,tRNA-Val-CAC-1-3,tRNA-Val-CAC-1-4,tRNA-Val-CAC-1-5,tRNA-Val-CAC-1-6,tRNA-Val-CAC-5-1,tRNA-Val-CAC-chr1-93	8	7	0.9396960287628696	942.6666666666666	tRNA_control1
106	SRR1836123	tRFM#tRNA-Val-CAC-2-1	58	A	60.0	60.0	1.0	G	60	tRNA-Val-CAC-2-1	1	1	1.0	53.5	tRNA_control1
107	SRR1836123	tRFM#tRNA-Val-TAC-1-1	58	A	54.666	72.666	0.7522913054248204	G,T,G,T	5,12,5,32	tRNA-Val-TAC-1-1,tRNA-Val-TAC-1-2	2	3	0.7522913054248204	23.3335	tRNA_control1
108	SRR1836123	tRFM#tRNA-Val-TAC-2-1	58	A	17.333	26.333000000000002	0.6582235218167317	G,T	5,12	tRNA-Val-TAC-2-1	1	2	0.6582235218167317	9.166749999999999	tRNA_control1
109	SRR1836123	tRFM#tRNA-iMet-CAT-1-1	9	G	36.0	37.75	0.9536423841059603	C	36	tRNA-iMet-CAT-1-8	1	1	0.9536423841059603	73.5	tRNA_control1
110	SRR1836123	tRFM#tRNA-iMet-CAT-1-1	57	A	419.0	456.0	0.918859649122807	G,-,G,-,G,-,G,-,G,-,G,-,G,-,G,-,T	8,24,8,24,8,24,8,24,8,24,8,24,8,24,56,125,11	tRNA-iMet-CAT-1-1,tRNA-iMet-CAT-1-2,tRNA-iMet-CAT-1-3,tRNA-iMet-CAT-1-4,tRNA-iMet-CAT-1-5,tRNA-iMet-CAT-1-6,tRNA-iMet-CAT-1-7,tRNA-iMet-CAT-1-8	8	5	1.0	187.25	tRNA_control1
111	SRR1836123	tRFM#tRNA-iMet-CAT-1-1	59	A	15.0	210.125	0.07138607971445568	-	15	tRNA-iMet-CAT-1-8	1	1	0.18696186961869618	17.0	tRNA_control1
112	SRR1836124	tRFM#tRNA-Ala-AGC-1-1	57	A	18.0	63.0	0.2857142857142857	T	18	tRNA-Ala-AGC-1-1	1	1	0.2857142857142857	15.0	tRNA_control2
113	SRR1836124	tRFM#tRNA-Ala-AGC-11-1	58	A	153.0	153.0	1.0	G,T,C	81,58,14	tRNA-Ala-AGC-11-1	1	3	1.0	100.75	tRNA_control2
114	SRR1836124	tRFM#tRNA-Ala-AGC-12-1	58	A	19.0	19.0	1.0	G	19	tRNA-Ala-AGC-12-3	1	1	1.0	25.5	tRNA_control2
115	SRR1836124	tRFM#tRNA-Ala-AGC-2-1	57	A	32.0	52.0	0.6153846153846154	T	32	tRNA-Ala-AGC-7-1	1	1	0.788142272392139	30.25	tRNA_control2
116	SRR1836124	tRFM#tRNA-Ala-AGC-3-1	57	A	16.0	16.0	1.0	T	16	tRNA-Ala-AGC-3-1	1	1	1.0	14.5	tRNA_control2
117	SRR1836124	tRFM#tRNA-Ala-AGC-4-1	57	A	118.0	132.0	0.8939393939393939	T,G,C	81,27,10	tRNA-Ala-AGC-4-1	1	3	1.0	93.5	tRNA_control2
118	SRR1836124	tRFM#tRNA-Ala-AGC-6-1	57	A	30.0	30.0	1.0	T	30	tRNA-Ala-AGC-6-1	1	1	1.0	24.5	tRNA_control2
119	SRR1836124	tRFM#tRNA-Ala-AGC-8-1	58	A	168.0	168.0	1.0	G,C,T	88,21,59	tRNA-Ala-AGC-8-2	1	3	1.0	86.75	tRNA_control2
120	SRR1836124	tRFM#tRNA-Ala-CGC-3-1	57	A	28.0	28.0	1.0	T	28	tRNA-Ala-CGC-3-1	1	1	1.0	19.333333333333332	tRNA_control2
121	SRR1836124	tRFM#tRNA-Ala-TGC-2-1	57	A	59.0	79.5	0.7421383647798742	T,G	45,14	tRNA-Ala-TGC-2-1	1	2	0.7421383647798742	37.666666666666664	tRNA_control2
122	SRR1836124	tRFM#tRNA-Ala-TGC-3-1	57	A	68.0	78.0	0.8717948717948718	G,T	20,48	tRNA-Ala-TGC-3-2	1	2	0.8923766816143498	124.75	tRNA_control2
123	SRR1836124	tRFM#tRNA-Ala-TGC-4-1	57	A	10.0	10.0	1.0	T	10	tRNA-Ala-TGC-4-1	1	1	1.0	11.75	tRNA_control2
124	SRR1836124	tRFM#tRNA-Arg-ACG-1-1	58	A	203.0	206.333	0.9838465005597747	T,G,C	72,109,22	tRNA-Arg-ACG-1-3	1	3	1.0	116.6	tRNA_control2
125	SRR1836124	tRFM#tRNA-Arg-ACG-2-1	58	A	123.0	123.0	1.0	G,C,T	74,10,39	tRNA-Arg-ACG-2-4	1	3	1.0	76.8	tRNA_control2
126	SRR1836124	tRFM#tRNA-Arg-CCG-1-1	58	A	534.0	537.5	0.9934883720930232	G,T,C	166,329,39	tRNA-Arg-CCG-1-3	1	3	1.0	300.1666666666667	tRNA_control2
127	SRR1836124	tRFM#tRNA-Arg-CCG-2-1	58	A	269.0	280.0	0.9607142857142857	G,T,C	103,139,27	tRNA-Arg-CCG-2-1	1	3	1.0	162.66666666666666	tRNA_control2
128	SRR1836124	tRFM#tRNA-Arg-TCG-1-1	58	A	67.0	67.0	1.0	G,T	26,41	tRNA-Arg-TCG-1-1	1	2	1.0	49.25	tRNA_control2
129	SRR1836124	tRFM#tRNA-Arg-TCG-2-1	58	A	103.0	103.0	1.0	T,G	44,59	tRNA-Arg-TCG-2-1	1	2	1.0	77.75	tRNA_control2
130	SRR1836124	tRFM#tRNA-Arg-TCG-4-1	58	A	28.0	28.0	1.0	G,T	11,17	tRNA-Arg-TCG-4-1	1	2	1.0	28.0	tRNA_control2
131	SRR1836124	tRFM#tRNA-Arg-TCG-5-1	58	A	240.0	254.0	0.9448818897637795	G,T,-,C	120,90,12,18	tRNA-Arg-TCG-5-1	1	4	1.0	160.25	tRNA_control2
132	SRR1836124	tRFM#tRNA-Arg-TCT-1-1	46	A	32.0	32.0	1.0	T,G	16,16	tRNA-Arg-TCT-1-1	1	1	1.0	32.333333333333336	tRNA_control2
133	SRR1836124	tRFM#tRNA-Asn-GTT-2-1	27	G	45.0	45.0	1.0	T	45	tRNA-Asn-GTT-chr1-21	1	1	1.0	45.125	tRNA_control2
134	SRR1836124	tRFM#tRNA-Asn-GTT-2-1	59	A	66.336	66.336	1.0	T,T,T,T,T,T,T,T,G	2,2,2,2,2,2,2,37,10	tRNA-Asn-GTT-2-1,tRNA-Asn-GTT-2-2,tRNA-Asn-GTT-2-3,tRNA-Asn-GTT-2-4,tRNA-Asn-GTT-2-5,tRNA-Asn-GTT-2-6,tRNA-Asn-GTT-chr1-110,tRNA-Asn-GTT-chr1-21	8	3	1.0	53.0656	tRNA_control2
135	SRR1836124	tRFM#tRNA-Asn-GTT-3-1	59	A	140.667	140.667	1.0	T,G,C	94,34,12	tRNA-Asn-GTT-3-1	1	3	1.0	65.111	tRNA_control2
136	SRR1836124	tRFM#tRNA-Asp-GTC-2-1	9	A	152.997	237.99400000000006	0.6428607443885139	T,T,T,T,T,T,T,T,T,T,T	12,12,12,12,12,12,12,12,12,12,25	tRNA-Asp-GTC-2-1,tRNA-Asp-GTC-2-10,tRNA-Asp-GTC-2-11,tRNA-Asp-GTC-2-2,tRNA-Asp-GTC-2-3,tRNA-Asp-GTC-2-4,tRNA-Asp-GTC-2-5,tRNA-Asp-GTC-2-6,tRNA-Asp-GTC-2-7,tRNA-Asp-GTC-2-8,tRNA-Asp-GTC-2-9	11	2	0.8214496169711255	86.625375	tRNA_control2
137	SRR1836124	tRFM#tRNA-Asp-GTC-2-1	57	A	16.005000000000003	577.9050000000001	0.02769486334259091	T,T,T,T,T,T,T,T,T,T,T	1,1,1,1,1,1,1,1,1,1,1	tRNA-Asp-GTC-2-1,tRNA-Asp-GTC-2-10,tRNA-Asp-GTC-2-11,tRNA-Asp-GTC-2-2,tRNA-Asp-GTC-2-3,tRNA-Asp-GTC-2-4,tRNA-Asp-GTC-2-5,tRNA-Asp-GTC-2-6,tRNA-Asp-GTC-2-7,tRNA-Asp-GTC-2-8,tRNA-Asp-GTC-2-9	11	1	0.1325293221125174	17.668666666666667	tRNA_control2
139	SRR1836124	tRFM#tRNA-Asp-GTC-2-1	70	G	13.0	66.082	0.1967252807118429	T	13	tRNA-Asp-GTC-2-9	1	1	0.1967252807118429	13.0	tRNA_control2
140	SRR1836124	tRFM#tRNA-Cys-GCA-11-1	57	A	124.0	126.125	0.9831516352824579	T,C	114,10	tRNA-Cys-GCA-11-1	1	2	1.0	59.333333333333336	tRNA_control2
141	SRR1836124	tRFM#tRNA-Cys-GCA-14-1	57	A	10.0	10.0	1.0	T	10	tRNA-Cys-GCA-14-1	1	1	1.0	10.0	tRNA_control2
142	SRR1836124	tRFM#tRNA-Cys-GCA-4-1	57	A	43.0	57.0	0.7543859649122807	T	43	tRNA-Cys-GCA-4-1	1	1	1.0	32.5	tRNA_control2
143	SRR1836124	tRFM#tRNA-Gln-CTG-1-1	57	A	300.0	332.0	0.9036144578313253	T,C,T,C,T,C,T,C,T,C	54,2,54,2,54,2,54,2,70,2	tRNA-Gln-CTG-1-1,tRNA-Gln-CTG-1-2,tRNA-Gln-CTG-1-3,tRNA-Gln-CTG-1-4,tRNA-Gln-CTG-1-5	5	3	1.0	192.25	tRNA_control2
144	SRR1836124	tRFM#tRNA-Gln-CTG-2-1	57	A	33.0	33.0	1.0	T	33	tRNA-Gln-CTG-2-1	1	1	1.0	45.0	tRNA_control2
145	SRR1836124	tRFM#tRNA-Gln-CTG-3-1	57	A	11.0	11.0	1.0	T,T	5,5	tRNA-Gln-CTG-3-1,tRNA-Gln-CTG-3-2	2	1	1.0	11.0	tRNA_control2
146	SRR1836124	tRFM#tRNA-Gln-TTG-1-1	57	A	13.75	13.75	1.0	T	13	tRNA-Gln-TTG-1-1	1	1	1.0	12.8125	tRNA_control2
147	SRR1836124	tRFM#tRNA-Gln-TTG-3-1	57	A	41.25	41.25	1.0	T,T,T	13,13,13	tRNA-Gln-TTG-3-1,tRNA-Gln-TTG-3-2,tRNA-Gln-TTG-3-3	3	1	1.0	38.4375	tRNA_control2
148	SRR1836124	tRFM#tRNA-Glu-CTC-1-1	9	G	27.998000000000005	152.00300000000001	0.18419373301842729	T,T,T,T,T,T,T	1,1,1,1,1,1,17	tRNA-Glu-CTC-1-1,tRNA-Glu-CTC-1-2,tRNA-Glu-CTC-1-3,tRNA-Glu-CTC-1-4,tRNA-Glu-CTC-1-5,tRNA-Glu-CTC-1-6,tRNA-Glu-CTC-1-7	7	2	0.18419373301842729	26.998625000000004	tRNA_control2
149	SRR1836124	tRFM#tRNA-Glu-CTC-1-1	57	A	74.002	194.00300000000001	0.3814477095715014	T,T,T,T,T,T,T	8,8,8,8,8,8,24	tRNA-Glu-CTC-1-1,tRNA-Glu-CTC-1-2,tRNA-Glu-CTC-1-3,tRNA-Glu-CTC-1-4,tRNA-Glu-CTC-1-5,tRNA-Glu-CTC-1-6,tRNA-Glu-CTC-1-7	7	2	0.4543243790031072	273.0013333333334	tRNA_control2
150	SRR1836124	tRFM#tRNA-Glu-TTC-1-1	9	G	20.0	20.0	1.0	T,T	5,15	tRNA-Glu-TTC-1-1,tRNA-Glu-TTC-1-2	2	2	1.0	17.8	tRNA_control2
151	SRR1836124	tRFM#tRNA-Glu-TTC-1-1	57	A	34.0	44.0	0.7727272727272727	G,T,G,T	6,6,16,6	tRNA-Glu-TTC-1-1,tRNA-Glu-TTC-1-2	2	2	0.7727272727272727	26.5	tRNA_control2
152	SRR1836124	tRFM#tRNA-Gly-CCC-2-1	12	G	12.0	63.5	0.1889763779527559	T	12	tRNA-Gly-CCC-2-2	1	1	0.1889763779527559	11.0	tRNA_control2
153	SRR1836124	tRFM#tRNA-Gly-CCC-2-1	56	A	156.0	156.0	1.0	T,T	72,84	tRNA-Gly-CCC-2-1,tRNA-Gly-CCC-2-2	2	2	1.0	97.6	tRNA_control2
154	SRR1836124	tRFM#tRNA-Gly-GCC-1-1	56	A	243.00000000000003	243.0	1.0000000000000002	T,G,T,G,T,G,T,G,T,G	43,3,43,3,43,3,43,3,54,3	tRNA-Gly-GCC-1-1,tRNA-Gly-GCC-1-2,tRNA-Gly-GCC-1-3,tRNA-Gly-GCC-1-4,tRNA-Gly-GCC-1-5	5	3	1.0000000000000002	185.5	tRNA_control2
155	SRR1836124	tRFM#tRNA-Gly-GCC-2-1	56	A	124.002	124.002	1.0	T,T,T,T,T,T	20,20,20,20,20,20	tRNA-Gly-GCC-2-1,tRNA-Gly-GCC-2-2,tRNA-Gly-GCC-2-3,tRNA-Gly-GCC-2-4,tRNA-Gly-GCC-2-5,tRNA-Gly-GCC-2-6	6	1	1.0000000000000002	123.0	tRNA_control2
156	SRR1836124	tRFM#tRNA-Gly-TCC-2-1	57	A	71.994	71.994	1.0	T,T,T,T,T,T	11,11,11,11,11,11	tRNA-Gly-TCC-2-1,tRNA-Gly-TCC-2-2,tRNA-Gly-TCC-2-3,tRNA-Gly-TCC-2-4,tRNA-Gly-TCC-2-5,tRNA-Gly-TCC-2-6	6	1	1.0	39.62475	tRNA_control2
157	SRR1836124	tRFM#tRNA-His-GTG-1-1	37	G	44.0	60.667	0.7252707402706579	C	44	tRNA-His-GTG-1-9	1	1	0.8063272977363547	56.0	tRNA_control2
158	SRR1836124	tRFM#tRNA-His-GTG-1-1	57	A	427.00300000000004	427.00300000000004	1.0	G,T,G,T,G,T,G,T,G,T,G,T,G,T,G,T,G,T,C	9,7,9,7,9,7,9,7,9,7,9,7,9,7,9,7,136,134,23	tRNA-His-GTG-1-1,tRNA-His-GTG-1-2,tRNA-His-GTG-1-3,tRNA-His-GTG-1-4,tRNA-His-GTG-1-5,tRNA-His-GTG-1-6,tRNA-His-GTG-1-7,tRNA-His-GTG-1-8,tRNA-His-GTG-1-9	9	5	1.0	156.24925000000002	tRNA_control2
159	SRR1836124	tRFM#tRNA-Ile-AAT-5-1	35	A	17.0	17.0	1.0	G	17	tRNA-Ile-AAT-5-5	1	1	1.0	60.828125	tRNA_control2
160	SRR1836124	tRFM#tRNA-Ile-AAT-5-1	59	A	17.0	17.0	1.0	T	17	tRNA-Ile-AAT-5-5	1	1	1.0	18.75	tRNA_control2
161	SRR1836124	tRFM#tRNA-Ile-TAT-2-1	27	G	18.0	18.0	1.0	A	18	tRNA-Ile-TAT-2-3	1	1	1.0	23.666833333333333	tRNA_control2
162	SRR1836124	tRFM#tRNA-Ile-TAT-2-1	39	A	33.0	33.0	1.0	T	33	tRNA-Ile-TAT-2-3	1	1	1.0	39.5	tRNA_control2
163	SRR1836124	tRFM#tRNA-Leu-CAA-1-1	46	A	15.0	15.0	1.0	G	15	tRNA-Leu-CAA-1-2	1	1	1.0	47.2	tRNA_control2
164	SRR1836124	tRFM#tRNA-Leu-CAA-2-1	69	A	17.0	17.0	1.0	G	17	tRNA-Leu-CAA-2-1	1	1	1.0	26.5	tRNA_control2
165	SRR1836124	tRFM#tRNA-Leu-CAG-1-1	51	C	50.0	50.0	1.0	-,A,T	11,14,25	tRNA-Leu-CAG-1-7	1	3	1.0	42.75	tRNA_control2
166	SRR1836124	tRFM#tRNA-Leu-CAG-1-1	68	A	90.0	90.0	1.0	G,T	76,14	tRNA-Leu-CAG-1-7	1	2	1.0	73.0	tRNA_control2
167	SRR1836124	tRFM#tRNA-Leu-CAG-2-1	51	C	28.0	28.0	1.0	T	28	tRNA-Leu-CAG-2-2	1	1	1.0	16.333333333333332	tRNA_control2
168	SRR1836124	tRFM#tRNA-Leu-CAG-2-1	68	A	28.0	28.0	1.0	T,G	17,11	tRNA-Leu-CAG-2-2	1	2	1.0	16.0	tRNA_control2
169	SRR1836124	tRFM#tRNA-Leu-TAA-1-1	68	A	140.0	140.0	1.0	C,G,T	19,51,70	tRNA-Leu-TAA-1-1	1	3	1.0	82.25	tRNA_control2
170	SRR1836124	tRFM#tRNA-Leu-TAA-3-1	68	A	41.0	41.0	1.0	G,T	16,25	tRNA-Leu-TAA-3-1	1	2	1.0	19.5	tRNA_control2
171	SRR1836124	tRFM#tRNA-Lys-CTT-1-1	58	A	12.0	12.0	1.0	T,T	6,6	tRNA-Lys-CTT-1-1,tRNA-Lys-CTT-1-2	2	1	1.0	27.5	tRNA_control2
172	SRR1836124	tRFM#tRNA-Lys-CTT-2-1	58	A	63.0	63.0	1.0	T,G,T,G,T,G,T,G,T,G	10,2,10,2,10,2,10,2,10,2	tRNA-Lys-CTT-2-1,tRNA-Lys-CTT-2-2,tRNA-Lys-CTT-2-3,tRNA-Lys-CTT-2-4,tRNA-Lys-CTT-2-5	5	2	1.0	48.0	tRNA_control2
173	SRR1836124	tRFM#tRNA-Lys-CTT-4-1	58	A	17.0	17.0	1.0	T	17	tRNA-Lys-CTT-4-1	1	1	1.0	14.0	tRNA_control2
174	SRR1836124	tRFM#tRNA-Lys-TTT-1-1	58	A	34.0	34.0	1.0	T	34	tRNA-Lys-TTT-1-1	1	1	1.0	21.75	tRNA_control2
175	SRR1836124	tRFM#tRNA-Lys-TTT-2-1	58	A	88.0	93.0	0.946236559139785	T	88	tRNA-Lys-TTT-2-1	1	1	0.946236559139785	60.0	tRNA_control2
176	SRR1836124	tRFM#tRNA-Lys-TTT-2-1	69	A	11.0	93.0	0.11827956989247312	T	11	tRNA-Lys-TTT-2-1	1	1	0.18840579710144928	11.666666666666666	tRNA_control2
178	SRR1836124	tRFM#tRNA-Lys-TTT-3-1	58	A	919.0	940.4	0.9772437260740111	T,G,C	796,95,28	tRNA-Lys-TTT-3-5	1	3	0.9844054580896684	345.125	tRNA_control2
181	SRR1836124	tRFM#tRNA-Met-CAT-2-1	26	G	43.0	43.0	1.0	A,T	31,12	tRNA-Met-CAT-2-1	1	2	1.0	12.3125	tRNA_control2
182	SRR1836124	tRFM#tRNA-Met-CAT-2-1	58	A	46.5	46.5	1.0	T,G	36,10	tRNA-Met-CAT-2-1	1	2	1.0	22.625	tRNA_control2
183	SRR1836124	tRFM#tRNA-Met-CAT-3-1	58	A	11.0	11.0	1.0	G,G	5,5	tRNA-Met-CAT-3-1,tRNA-Met-CAT-3-2	2	1	1.0	18.5	tRNA_control2
184	SRR1836124	tRFM#tRNA-Met-CAT-4-1	58	A	10.5	10.5	1.0	T,T,T	3,3,3	tRNA-Met-CAT-4-1,tRNA-Met-CAT-4-2,tRNA-Met-CAT-4-3	3	1	1.0	10.5	tRNA_control2
185	SRR1836124	tRFM#tRNA-Met-CAT-6-1	26	G	32.0	32.0	1.0	A	32	tRNA-Met-CAT-6-1	1	1	1.0	23.333333333333332	tRNA_control2
186	SRR1836124	tRFM#tRNA-Met-CAT-6-1	58	A	32.0	32.0	1.0	T	32	tRNA-Met-CAT-6-1	1	1	1.0	32.5	tRNA_control2
187	SRR1836124	tRFM#tRNA-Phe-GAA-1-1	58	A	661.0	669.8330000000001	0.9868131310341531	T,C,G	395,66,200	tRNA-Phe-GAA-1-6	1	3	0.9942112879884226	268.875	tRNA_control2
188	SRR1836124	tRFM#tRNA-Phe-GAA-3-1	58	A	48.0	54.0	0.8888888888888888	T	48	tRNA-Phe-GAA-3-1	1	1	1.0	34.25	tRNA_control2
189	SRR1836124	tRFM#tRNA-Phe-GAA-6-1	27	T	13.0	13.0	1.0	C	13	tRNA-Phe-GAA-6-1	1	1	1.0	19.875	tRNA_control2
190	SRR1836124	tRFM#tRNA-Phe-GAA-6-1	28	T	13.0	13.0	1.0	C	13	tRNA-Phe-GAA-6-1	1	1	1.0	19.875	tRNA_control2
191	SRR1836124	tRFM#tRNA-Pro-TGG-1-1	57	A	125.0	125.889	0.9929382233554958	T,C	114,11	tRNA-Pro-TGG-1-1	1	2	1.0	74.6	tRNA_control2
192	SRR1836124	tRFM#tRNA-Pro-TGG-2-1	57	A	15.0	15.0	1.0	T	15	tRNA-Pro-TGG-2-1	1	1	1.0	12.0	tRNA_control2
193	SRR1836124	tRFM#tRNA-Pro-TGG-3-1	33	T	14.0	14.0	1.0	G	14	tRNA-Pro-TGG-3-5	1	1	1.0	49.70875	tRNA_control2
194	SRR1836124	tRFM#tRNA-Pro-TGG-3-1	57	A	14.0	14.889000000000001	0.9402914903620122	T	14	tRNA-Pro-TGG-3-5	1	1	1.0	12.0	tRNA_control2
195	SRR1836124	tRFM#tRNA-Ser-AGA-4-1	67	A	18.0	29.0	0.6206896551724138	G	18	tRNA-Ser-AGA-4-1	1	1	1.0	19.5	tRNA_control2
196	SRR1836124	tRFM#tRNA-Ser-AGA-4-1	68	A	11.0	29.0	0.3793103448275862	-	11	tRNA-Ser-AGA-4-1	1	1	0.3793103448275862	11.0	tRNA_control2
197	SRR1836124	tRFM#tRNA-Ser-AGA-5-1	57	A	25.0	25.0	1.0	T	25	tRNA-Ser-AGA-5-1	1	1	1.0	16.333333333333332	tRNA_control2
198	SRR1836124	tRFM#tRNA-Ser-GCT-3-1	67	A	61.0	61.0	1.0	T,G	10,51	tRNA-Ser-GCT-3-1	1	2	1.0	36.0	tRNA_control2
199	SRR1836124	tRFM#tRNA-Thr-AGT-1-1	59	A	47.0	47.0	1.0	G,T	35,12	tRNA-Thr-AGT-1-3	1	2	1.0	43.5	tRNA_control2
200	SRR1836124	tRFM#tRNA-Thr-CGT-3-1	59	A	11.0	11.0	1.0	G	11	tRNA-Thr-CGT-3-1	1	1	1.0	11.0	tRNA_control2
201	SRR1836124	tRFM#tRNA-Thr-TGT-1-1	59	A	37.0	37.0	1.0	T,G	19,18	tRNA-Thr-TGT-1-1	1	2	1.0	26.0	tRNA_control2
202	SRR1836124	tRFM#tRNA-Thr-TGT-4-1	32	C	11.0	11.0	1.0	T	11	tRNA-Thr-TGT-4-1	1	1	1.0	11.0	tRNA_control2
203	SRR1836124	tRFM#tRNA-Thr-TGT-4-1	58	A	35.0	35.0	1.0	T	35	tRNA-Thr-TGT-4-1	1	1	1.0	23.666666666666668	tRNA_control2
204	SRR1836124	tRFM#tRNA-Trp-CCA-1-1	57	A	75.0	78.0	0.9615384615384616	T	75	tRNA-Trp-CCA-1-1	1	1	1.0	63.25	tRNA_control2
205	SRR1836124	tRFM#tRNA-Trp-CCA-2-1	57	A	103.0	103.0	1.0	T,G	90,13	tRNA-Trp-CCA-2-1	1	2	1.0	88.0	tRNA_control2
206	SRR1836124	tRFM#tRNA-Trp-CCA-4-1	57	A	59.0	59.0	1.0	G,T	36,23	tRNA-Trp-CCA-4-1	1	2	1.0	53.25	tRNA_control2
207	SRR1836124	tRFM#tRNA-Tyr-GTA-2-1	42	A	167.0	167.0	1.0	G,T	19,148	tRNA-Tyr-GTA-2-1	1	2	1.0	93.2	tRNA_control2
208	SRR1836124	tRFM#tRNA-Tyr-GTA-3-1	42	A	30.0	30.0	1.0	G,T	15,15	tRNA-Tyr-GTA-3-1	1	1	1.0	27.5	tRNA_control2
209	SRR1836124	tRFM#tRNA-Tyr-GTA-8-1	41	A	83.0	83.0	1.0	T,G	55,28	tRNA-Tyr-GTA-8-1	1	2	1.0	53.75	tRNA_control2
210	SRR1836124	tRFM#tRNA-Val-AAC-2-1	34	A	145.0	145.0	1.0	G	145	tRNA-Val-AAC-2-1	1	1	1.0	135.57142857142858	tRNA_control2
211	SRR1836124	tRFM#tRNA-Val-AAC-2-1	58	A	145.0	149.999	0.9666731111540744	G	145	tRNA-Val-AAC-2-1	1	1	1.0	106.33333333333333	tRNA_control2
212	SRR1836124	tRFM#tRNA-Val-CAC-1-1	34	C	963.0	2196.0	0.4385245901639344	G,G,G,G,G,G,G,G	7,7,7,7,7,7,7,911	tRNA-Val-CAC-1-1,tRNA-Val-CAC-1-2,tRNA-Val-CAC-1-3,tRNA-Val-CAC-1-4,tRNA-Val-CAC-1-5,tRNA-Val-CAC-1-6,tRNA-Val-CAC-5-1,tRNA-Val-CAC-chr1-93	8	2	0.5257352941176471	692.375	tRNA_control2
214	SRR1836124	tRFM#tRNA-Val-CAC-1-1	58	A	2177.0	2395.992	0.9086006964964823	G,T,-,G,T,-,G,T,-,G,T,-,G,T,-,G,T,-,G,T,-,G,T,-	125,2,10,125,2,10,125,2,10,125,2,10,125,2,10,125,2,10,125,2,10,1109,30,75	tRNA-Val-CAC-1-1,tRNA-Val-CAC-1-2,tRNA-Val-CAC-1-3,tRNA-Val-CAC-1-4,tRNA-Val-CAC-1-5,tRNA-Val-CAC-1-6,tRNA-Val-CAC-5-1,tRNA-Val-CAC-chr1-93	8	6	0.9396960287628696	942.6666666666666	tRNA_control2
215	SRR1836124	tRFM#tRNA-Val-CAC-2-1	58	A	47.0	47.0	1.0	G	47	tRNA-Val-CAC-2-1	1	1	1.0	53.5	tRNA_control2
216	SRR1836124	tRFM#tRNA-Val-TAC-1-1	58	A	24.668	50.0	0.49335999999999997	G,T,G,T	3,8,3,8	tRNA-Val-TAC-1-1,tRNA-Val-TAC-1-2	2	2	0.7522913054248204	23.3335	tRNA_control2
217	SRR1836124	tRFM#tRNA-Val-TAC-2-1	58	A	12.334	25.0	0.49335999999999997	G,T	3,8	tRNA-Val-TAC-2-1	1	2	0.6582235218167317	9.166749999999999	tRNA_control2
218	SRR1836124	tRFM#tRNA-iMet-CAT-1-1	9	G	25.0	28.75	0.8695652173913043	C	25	tRNA-iMet-CAT-1-8	1	1	0.9536423841059603	73.5	tRNA_control2
219	SRR1836124	tRFM#tRNA-iMet-CAT-1-1	57	A	276.0	295.0	0.9355932203389831	G,-,G,-,G,-,G,-,G,-,G,-,G,-,G,-	8,19,8,19,8,19,8,19,8,19,8,19,8,19,24,58	tRNA-iMet-CAT-1-1,tRNA-iMet-CAT-1-2,tRNA-iMet-CAT-1-3,tRNA-iMet-CAT-1-4,tRNA-iMet-CAT-1-5,tRNA-iMet-CAT-1-6,tRNA-iMet-CAT-1-7,tRNA-iMet-CAT-1-8	8	4	1.0	187.25	tRNA_control2
220	SRR1836124	tRFM#tRNA-iMet-CAT-1-1	59	A	19.0	101.625	0.18696186961869618	-	19	tRNA-iMet-CAT-1-8	1	1	0.18696186961869618	17.0	tRNA_control2
221	SRR1836125	tRFM#tRNA-Ala-AGC-1-1	33	A	10.0	10.0	1.0	G	10	tRNA-Ala-AGC-1-1	1	1	1.0	13.666666666666666	tRNA_treated1
222	SRR1836125	tRFM#tRNA-Ala-AGC-1-1	36	A	10.0	10.0	1.0	G	10	tRNA-Ala-AGC-1-1	1	1	1.0	13.666666666666666	tRNA_treated1
223	SRR1836125	tRFM#tRNA-Ala-AGC-11-1	34	A	46.0	46.0	1.0	G	46	tRNA-Ala-AGC-11-1	1	1	1.0	32.666666666666664	tRNA_treated1
224	SRR1836125	tRFM#tRNA-Ala-AGC-11-1	37	A	46.0	46.0	1.0	G	46	tRNA-Ala-AGC-11-1	1	1	1.0	32.666666666666664	tRNA_treated1
225	SRR1836125	tRFM#tRNA-Ala-AGC-2-1	33	A	21.0	21.0	1.0	G	21	tRNA-Ala-AGC-7-1	1	1	1.0	18.666666666666668	tRNA_treated1
226	SRR1836125	tRFM#tRNA-Ala-AGC-2-1	36	A	21.0	21.0	1.0	G	21	tRNA-Ala-AGC-7-1	1	1	1.0	18.666666666666668	tRNA_treated1
227	SRR1836125	tRFM#tRNA-Ala-AGC-4-1	33	A	28.0	28.0	1.0	G	28	tRNA-Ala-AGC-4-1	1	1	1.0	31.5	tRNA_treated1
228	SRR1836125	tRFM#tRNA-Ala-AGC-4-1	36	A	28.0	28.0	1.0	G	28	tRNA-Ala-AGC-4-1	1	1	1.0	31.5	tRNA_treated1
229	SRR1836125	tRFM#tRNA-Ala-AGC-8-1	34	A	39.0	39.0	1.0	G	39	tRNA-Ala-AGC-8-2	1	1	1.0	33.0	tRNA_treated1
230	SRR1836125	tRFM#tRNA-Ala-AGC-8-1	37	A	39.0	39.0	1.0	G	39	tRNA-Ala-AGC-8-2	1	1	1.0	33.0	tRNA_treated1
231	SRR1836125	tRFM#tRNA-Ala-CGC-1-1	25	G	11.0	11.0	1.0	A	11	tRNA-Ala-CGC-1-1	1	1	1.0	11.0	tRNA_treated1
232	SRR1836125	tRFM#tRNA-Ala-CGC-1-1	36	A	25.0	25.0	1.0	G	25	tRNA-Ala-CGC-1-1	1	1	1.0	20.666666666666668	tRNA_treated1
233	SRR1836125	tRFM#tRNA-Ala-TGC-3-1	25	G	11.0	11.0	1.0	A	11	tRNA-Ala-TGC-3-2	1	1	1.0	17.75	tRNA_treated1
234	SRR1836125	tRFM#tRNA-Ala-TGC-3-1	36	A	11.0	11.0	1.0	G	11	tRNA-Ala-TGC-3-2	1	1	1.0	41.0	tRNA_treated1
235	SRR1836125	tRFM#tRNA-Arg-ACG-1-1	34	A	18.0	18.0	1.0	G,G,G	6,6,6	tRNA-Arg-ACG-1-1,tRNA-Arg-ACG-1-2,tRNA-Arg-ACG-1-3	3	1	1.0	16.000000000000004	tRNA_treated1
236	SRR1836125	tRFM#tRNA-Arg-ACG-2-1	26	G	20.0	20.0	1.0	A	20	tRNA-Arg-ACG-2-4	1	1	1.0	20.0	tRNA_treated1
237	SRR1836125	tRFM#tRNA-Arg-ACG-2-1	34	A	45.0	45.0	1.0	G,G,G,G	6,6,6,26	tRNA-Arg-ACG-2-1,tRNA-Arg-ACG-2-2,tRNA-Arg-ACG-2-3,tRNA-Arg-ACG-2-4	4	2	1.0	30.5	tRNA_treated1
238	SRR1836125	tRFM#tRNA-Arg-TCG-1-1	26	G	29.0	29.0	1.0	A	29	tRNA-Arg-TCG-1-1	1	1	1.0	29.0	tRNA_treated1
239	SRR1836125	tRFM#tRNA-Asn-GTT-1-1	27	G	12.0	12.0	1.0	A	12	tRNA-Asn-GTT-1-1	1	1	1.0	20.0	tRNA_treated1
240	SRR1836125	tRFM#tRNA-Asn-GTT-2-1	27	G	101.0	101.0	1.0	T,T,T,T,T,T,T,T	12,12,12,12,12,12,12,12	tRNA-Asn-GTT-2-1,tRNA-Asn-GTT-2-2,tRNA-Asn-GTT-2-3,tRNA-Asn-GTT-2-4,tRNA-Asn-GTT-2-5,tRNA-Asn-GTT-2-6,tRNA-Asn-GTT-chr1-110,tRNA-Asn-GTT-chr1-21	8	1	1.0	45.125	tRNA_treated1
241	SRR1836125	tRFM#tRNA-Asp-GTC-2-1	9	A	103.005	347.00699999999995	0.29683839230908887	T,T,T,T,T,T,T,T,T,T,T	8,8,8,8,8,8,8,8,8,8,18	tRNA-Asp-GTC-2-1,tRNA-Asp-GTC-2-10,tRNA-Asp-GTC-2-11,tRNA-Asp-GTC-2-2,tRNA-Asp-GTC-2-3,tRNA-Asp-GTC-2-4,tRNA-Asp-GTC-2-5,tRNA-Asp-GTC-2-6,tRNA-Asp-GTC-2-7,tRNA-Asp-GTC-2-8,tRNA-Asp-GTC-2-9	11	2	0.8214496169711255	86.625375	tRNA_treated1
243	SRR1836125	tRFM#tRNA-Asp-GTC-2-1	57	A	10.0	75.455	0.1325293221125174	T	10	tRNA-Asp-GTC-2-9	1	1	0.1325293221125174	17.668666666666667	tRNA_treated1
245	SRR1836125	tRFM#tRNA-Glu-CTC-1-1	9	G	14.0	151.99800000000002	0.09210647508519848	T,T,T,T,T,T,T	2,2,2,2,2,2,2	tRNA-Glu-CTC-1-1,tRNA-Glu-CTC-1-2,tRNA-Glu-CTC-1-3,tRNA-Glu-CTC-1-4,tRNA-Glu-CTC-1-5,tRNA-Glu-CTC-1-6,tRNA-Glu-CTC-1-7	7	1	0.18419373301842729	26.998625000000004	tRNA_treated1
246	SRR1836125	tRFM#tRNA-Glu-TTC-1-1	9	G	15.0	15.0	1.0	T,T	7,7	tRNA-Glu-TTC-1-1,tRNA-Glu-TTC-1-2	2	1	1.0	17.8	tRNA_treated1
247	SRR1836125	tRFM#tRNA-Glu-TTC-2-1	9	G	16.0	16.0	1.0	T,T	8,8	tRNA-Glu-TTC-2-1,tRNA-Glu-TTC-2-2	2	1	1.0	29.833333333333332	tRNA_treated1
248	SRR1836125	tRFM#tRNA-Gly-CCC-2-1	56	A	37.0	228.0	0.16228070175438597	T,T	18,18	tRNA-Gly-CCC-2-1,tRNA-Gly-CCC-2-2	2	1	1.0	97.6	tRNA_treated1
250	SRR1836125	tRFM#tRNA-Gly-TCC-2-1	57	A	43.998	72.0	0.6110833333333333	T,T,T,T,T,T	7,7,7,7,7,7	tRNA-Gly-TCC-2-1,tRNA-Gly-TCC-2-2,tRNA-Gly-TCC-2-3,tRNA-Gly-TCC-2-4,tRNA-Gly-TCC-2-5,tRNA-Gly-TCC-2-6	6	1	1.0	39.62475	tRNA_treated1
251	SRR1836125	tRFM#tRNA-His-GTG-1-1	57	A	51.993	602.9910000000001	0.08622516753981402	T,G,T,G,T,G,T,G,T,G,T,G,T,G,T,G,T,G	2,3,2,3,2,3,2,3,2,3,2,3,2,3,2,3,2,3	tRNA-His-GTG-1-1,tRNA-His-GTG-1-2,tRNA-His-GTG-1-3,tRNA-His-GTG-1-4,tRNA-His-GTG-1-5,tRNA-His-GTG-1-6,tRNA-His-GTG-1-7,tRNA-His-GTG-1-8,tRNA-His-GTG-1-9	9	2	1.0	156.24925000000002	tRNA_treated1
252	SRR1836125	tRFM#tRNA-Ile-AAT-4-1	27	G	13.0	13.0	1.0	A	13	tRNA-Ile-AAT-4-1	1	1	1.0	13.0	tRNA_treated1
253	SRR1836125	tRFM#tRNA-Ile-AAT-4-1	35	A	13.0	13.0	1.0	G	13	tRNA-Ile-AAT-4-1	1	1	1.0	13.0	tRNA_treated1
254	SRR1836125	tRFM#tRNA-Ile-AAT-5-1	27	G	135.0	135.0	1.0	A,T	99,36	tRNA-Ile-AAT-5-5	1	2	1.0	87.75	tRNA_treated1
255	SRR1836125	tRFM#tRNA-Ile-AAT-5-1	35	A	155.625	155.625	1.0	G,G,G,G,G	4,4,4,4,139	tRNA-Ile-AAT-5-1,tRNA-Ile-AAT-5-2,tRNA-Ile-AAT-5-3,tRNA-Ile-AAT-5-4,tRNA-Ile-AAT-5-5	5	2	1.0	60.828125	tRNA_treated1
256	SRR1836125	tRFM#tRNA-Ile-AAT-7-1	27	G	58.0	58.0	1.0	A,T	48,10	tRNA-Ile-AAT-7-2	1	2	1.0	54.0	tRNA_treated1
257	SRR1836125	tRFM#tRNA-Ile-AAT-7-1	35	A	66.25	66.25	1.0	G,G	4,62	tRNA-Ile-AAT-7-1,tRNA-Ile-AAT-7-2	2	2	1.0	33.0625	tRNA_treated1
258	SRR1836125	tRFM#tRNA-Ile-AAT-8-1	35	A	4.125	4.125	1.0	G	4	tRNA-Ile-AAT-8-1	1	1	1.0	3.03125	tRNA_treated1
259	SRR1836125	tRFM#tRNA-Ile-TAT-2-1	27	G	26.000999999999998	26.000999999999998	1.0	A,A,A	8,8,8	tRNA-Ile-TAT-2-1,tRNA-Ile-TAT-2-2,tRNA-Ile-TAT-2-3	3	1	1.0	23.666833333333333	tRNA_treated1
260	SRR1836125	tRFM#tRNA-Leu-AAG-2-1	35	A	10.0	10.0	1.0	G,G,G,G	2,2,2,2	tRNA-Leu-AAG-2-1,tRNA-Leu-AAG-2-2,tRNA-Leu-AAG-2-3,tRNA-Leu-AAG-2-4	4	1	1.0	10.0	tRNA_treated1
261	SRR1836125	tRFM#tRNA-Leu-CAG-1-1	27	G	33.004999999999995	33.004999999999995	1.0	A,A,A,A,A,A,A	4,4,4,4,4,4,4	tRNA-Leu-CAG-1-1,tRNA-Leu-CAG-1-2,tRNA-Leu-CAG-1-3,tRNA-Leu-CAG-1-4,tRNA-Leu-CAG-1-5,tRNA-Leu-CAG-1-6,tRNA-Leu-CAG-1-7	7	1	1.0	47.999	tRNA_treated1
263	SRR1836125	tRFM#tRNA-Lys-TTT-3-1	58	A	41.0	218.2	0.18790100824931258	T	41	tRNA-Lys-TTT-3-5	1	1	0.9844054580896684	345.125	tRNA_treated1
265	SRR1836125	tRFM#tRNA-Met-CAT-2-1	26	G	3.0	3.0	1.0	A	3	tRNA-Met-CAT-2-1	1	1	1.0	12.3125	tRNA_treated1
266	SRR1836125	tRFM#tRNA-Met-CAT-4-1	26	G	9.0	9.0	1.0	A,A,A	3,3,3	tRNA-Met-CAT-4-1,tRNA-Met-CAT-4-2,tRNA-Met-CAT-4-3	3	1	1.0	8.625	tRNA_treated1
267	SRR1836125	tRFM#tRNA-Met-CAT-6-1	26	G	28.0	28.0	1.0	A	28	tRNA-Met-CAT-6-1	1	1	1.0	23.333333333333332	tRNA_treated1
268	SRR1836125	tRFM#tRNA-Phe-GAA-1-1	58	A	14.0	101.166	0.1383864144080027	T	14	tRNA-Phe-GAA-1-6	1	1	0.9942112879884226	268.875	tRNA_treated1
270	SRR1836125	tRFM#tRNA-Phe-GAA-6-1	27	T	23.0	23.0	1.0	C	23	tRNA-Phe-GAA-6-1	1	1	1.0	19.875	tRNA_treated1
271	SRR1836125	tRFM#tRNA-Phe-GAA-6-1	28	T	23.0	23.0	1.0	C	23	tRNA-Phe-GAA-6-1	1	1	1.0	19.875	tRNA_treated1
272	SRR1836125	tRFM#tRNA-Pro-TGG-1-1	33	T	5.167000000000001	5.167000000000001	1.0	G	5	tRNA-Pro-TGG-1-1	1	1	1.0	5.167000000000001	tRNA_treated1
273	SRR1836125	tRFM#tRNA-Pro-TGG-3-1	9	G	23.0	23.0	1.0	T,C	12,11	tRNA-Pro-TGG-3-5	1	2	1.0	17.5	tRNA_treated1
274	SRR1836125	tRFM#tRNA-Pro-TGG-3-1	33	T	110.83500000000001	110.83500000000001	1.0	G,G,G,G,G	17,17,17,17,40	tRNA-Pro-TGG-3-1,tRNA-Pro-TGG-3-2,tRNA-Pro-TGG-3-3,tRNA-Pro-TGG-3-4,tRNA-Pro-TGG-3-5	5	2	1.0	49.70875	tRNA_treated1
275	SRR1836125	tRFM#tRNA-Ser-TGA-3-1	26	G	58.0	58.0	1.0	A	58	tRNA-Ser-TGA-3-1	1	1	1.0	51.5	tRNA_treated1
276	SRR1836125	tRFM#tRNA-Ser-TGA-3-1	32	C	10.0	175.0	0.05714285714285714	A	10	tRNA-Ser-TGA-3-1	1	1	0.5714285714285714	19.0	tRNA_treated1
277	SRR1836125	tRFM#tRNA-Ser-TGA-3-1	34	T	175.0	175.0	1.0	G	175	tRNA-Ser-TGA-3-1	1	1	1.0	105.5	tRNA_treated1
279	SRR1836125	tRFM#tRNA-Thr-AGT-1-1	27	G	134.0	145.5	0.9209621993127147	A	134	tRNA-Thr-AGT-1-3	1	1	0.9411764705882353	90.25	tRNA_treated1
280	SRR1836125	tRFM#tRNA-Thr-AGT-1-1	35	A	189.5	189.5	1.0	G,G,G	18,18,152	tRNA-Thr-AGT-1-1,tRNA-Thr-AGT-1-2,tRNA-Thr-AGT-1-3	3	2	1.0	127.9375	tRNA_treated1
281	SRR1836125	tRFM#tRNA-Thr-AGT-4-1	27	G	12.0	12.0	1.0	A	12	tRNA-Thr-AGT-4-1	1	1	1.0	15.0	tRNA_treated1
282	SRR1836125	tRFM#tRNA-Thr-AGT-4-1	35	A	12.0	12.0	1.0	G	12	tRNA-Thr-AGT-4-1	1	1	1.0	15.0	tRNA_treated1
283	SRR1836125	tRFM#tRNA-Thr-AGT-5-1	35	A	18.5	18.5	1.0	G	18	tRNA-Thr-AGT-5-1	1	1	1.0	12.5625	tRNA_treated1
284	SRR1836125	tRFM#tRNA-Thr-CGT-3-1	27	G	50.0	50.0	1.0	A	50	tRNA-Thr-CGT-3-1	1	1	1.0	28.5	tRNA_treated1
285	SRR1836125	tRFM#tRNA-Thr-CGT-3-1	35	C	60.0	60.0	1.0	G	60	tRNA-Thr-CGT-3-1	1	1	1.0	37.25	tRNA_treated1
286	SRR1836125	tRFM#tRNA-Thr-TGT-1-1	27	G	20.0	30.0	0.6666666666666666	A	20	tRNA-Thr-TGT-1-1	1	1	0.6666666666666666	15.0	tRNA_treated1
287	SRR1836125	tRFM#tRNA-Thr-TGT-3-1	26	G	15.0	15.0	1.0	A	15	tRNA-Thr-TGT-3-1	1	1	1.0	14.333333333333334	tRNA_treated1
288	SRR1836125	tRFM#tRNA-Trp-CCA-1-1	25	G	5.75	5.75	1.0	A	5	tRNA-Trp-CCA-1-1	1	1	1.0	5.125	tRNA_treated1
289	SRR1836125	tRFM#tRNA-Trp-CCA-2-1	25	G	12.0	12.0	1.0	A	12	tRNA-Trp-CCA-2-1	1	1	1.0	12.0	tRNA_treated1
290	SRR1836125	tRFM#tRNA-Trp-CCA-3-1	25	G	17.25	17.25	1.0	A,A,A	5,5,5	tRNA-Trp-CCA-3-1,tRNA-Trp-CCA-3-2,tRNA-Trp-CCA-3-3	3	1	1.0	15.375	tRNA_treated1
291	SRR1836125	tRFM#tRNA-Trp-CCA-5-1	25	G	2.0	2.0	1.0	A	2	tRNA-Trp-CCA-5-1	1	1	1.0	2.0	tRNA_treated1
292	SRR1836125	tRFM#tRNA-Val-AAC-2-1	34	A	325.0	325.0	1.0	G	325	tRNA-Val-AAC-2-1	1	1	1.0	135.57142857142858	tRNA_treated1
293	SRR1836125	tRFM#tRNA-Val-AAC-3-1	34	A	12.0	12.0	1.0	G	12	tRNA-Val-AAC-3-1	1	1	1.0	12.0	tRNA_treated1
295	SRR1836125	tRFM#tRNA-Val-CAC-1-1	34	C	1424.0	3133.0	0.45451643791892754	G,G,G,G,G,G,G,G	170,170,170,170,170,170,170,230	tRNA-Val-CAC-1-1,tRNA-Val-CAC-1-2,tRNA-Val-CAC-1-3,tRNA-Val-CAC-1-4,tRNA-Val-CAC-1-5,tRNA-Val-CAC-1-6,tRNA-Val-CAC-5-1,tRNA-Val-CAC-chr1-93	8	2	0.5257352941176471	692.375	tRNA_treated1
298	SRR1836125	tRFM#tRNA-iMet-CAT-1-1	9	G	147.0	665.0	0.22105263157894736	C,T,C,T,C,T,C,T,C,T,C,T,C,T,C,T	16,1,16,1,16,1,16,1,16,1,16,1,16,1,16,1	tRNA-iMet-CAT-1-1,tRNA-iMet-CAT-1-2,tRNA-iMet-CAT-1-3,tRNA-iMet-CAT-1-4,tRNA-iMet-CAT-1-5,tRNA-iMet-CAT-1-6,tRNA-iMet-CAT-1-7,tRNA-iMet-CAT-1-8	8	2	0.9536423841059603	73.5	tRNA_treated1
301	SRR1836126	tRFM#tRNA-Ala-AGC-1-1	33	A	17.0	17.0	1.0	G	17	tRNA-Ala-AGC-1-1	1	1	1.0	13.666666666666666	tRNA_treated2
302	SRR1836126	tRFM#tRNA-Ala-AGC-1-1	36	A	17.0	17.0	1.0	G	17	tRNA-Ala-AGC-1-1	1	1	1.0	13.666666666666666	tRNA_treated2
303	SRR1836126	tRFM#tRNA-Ala-AGC-11-1	34	A	42.0	42.0	1.0	G	42	tRNA-Ala-AGC-11-1	1	1	1.0	32.666666666666664	tRNA_treated2
304	SRR1836126	tRFM#tRNA-Ala-AGC-11-1	37	A	42.0	42.0	1.0	G	42	tRNA-Ala-AGC-11-1	1	1	1.0	32.666666666666664	tRNA_treated2
305	SRR1836126	tRFM#tRNA-Ala-AGC-12-1	34	A	12.0	12.0	1.0	G	12	tRNA-Ala-AGC-12-3	1	1	1.0	12.0	tRNA_treated2
306	SRR1836126	tRFM#tRNA-Ala-AGC-12-1	37	A	12.0	12.0	1.0	G	12	tRNA-Ala-AGC-12-3	1	1	1.0	12.0	tRNA_treated2
307	SRR1836126	tRFM#tRNA-Ala-AGC-3-1	33	A	12.0	12.0	1.0	G	12	tRNA-Ala-AGC-3-1	1	1	1.0	12.0	tRNA_treated2
308	SRR1836126	tRFM#tRNA-Ala-AGC-3-1	36	A	12.0	12.0	1.0	G	12	tRNA-Ala-AGC-3-1	1	1	1.0	12.0	tRNA_treated2
309	SRR1836126	tRFM#tRNA-Ala-AGC-4-1	33	A	38.0	38.0	1.0	G	38	tRNA-Ala-AGC-4-1	1	1	1.0	31.5	tRNA_treated2
310	SRR1836126	tRFM#tRNA-Ala-AGC-4-1	36	A	38.0	38.0	1.0	G	38	tRNA-Ala-AGC-4-1	1	1	1.0	31.5	tRNA_treated2
311	SRR1836126	tRFM#tRNA-Ala-AGC-8-1	34	A	47.0	47.0	1.0	G	47	tRNA-Ala-AGC-8-2	1	1	1.0	33.0	tRNA_treated2
312	SRR1836126	tRFM#tRNA-Ala-AGC-8-1	37	A	47.0	47.0	1.0	G	47	tRNA-Ala-AGC-8-2	1	1	1.0	33.0	tRNA_treated2
313	SRR1836126	tRFM#tRNA-Ala-CGC-1-1	25	G	11.0	11.0	1.0	A	11	tRNA-Ala-CGC-1-1	1	1	1.0	11.0	tRNA_treated2
314	SRR1836126	tRFM#tRNA-Ala-CGC-1-1	36	A	26.0	26.0	1.0	G	26	tRNA-Ala-CGC-1-1	1	1	1.0	20.666666666666668	tRNA_treated2
315	SRR1836126	tRFM#tRNA-Ala-CGC-3-1	36	A	15.0	15.0	1.0	G	15	tRNA-Ala-CGC-3-1	1	1	1.0	15.0	tRNA_treated2
316	SRR1836126	tRFM#tRNA-Ala-TGC-3-1	25	G	21.0	21.0	1.0	A	21	tRNA-Ala-TGC-3-2	1	1	1.0	17.75	tRNA_treated2
317	SRR1836126	tRFM#tRNA-Ala-TGC-3-1	36	A	35.0	35.0	1.0	G,G	7,28	tRNA-Ala-TGC-3-1,tRNA-Ala-TGC-3-2	2	2	1.0	41.0	tRNA_treated2
318	SRR1836126	tRFM#tRNA-Arg-ACG-1-1	34	A	20.001	20.001	1.0	G,G,G	6,6,6	tRNA-Arg-ACG-1-1,tRNA-Arg-ACG-1-2,tRNA-Arg-ACG-1-3	3	1	1.0	16.000000000000004	tRNA_treated2
319	SRR1836126	tRFM#tRNA-Arg-ACG-2-1	34	A	16.0	16.0	1.0	G,G,G,G	4,4,4,4	tRNA-Arg-ACG-2-1,tRNA-Arg-ACG-2-2,tRNA-Arg-ACG-2-3,tRNA-Arg-ACG-2-4	4	1	1.0	30.5	tRNA_treated2
320	SRR1836126	tRFM#tRNA-Asn-GTT-1-1	27	G	28.0	28.0	1.0	T,A	13,15	tRNA-Asn-GTT-1-1	1	2	1.0	20.0	tRNA_treated2
321	SRR1836126	tRFM#tRNA-Asn-GTT-2-1	27	G	99.0	99.0	1.0	T,T,T,T,T,T,T,T	12,12,12,12,12,12,12,12	tRNA-Asn-GTT-2-1,tRNA-Asn-GTT-2-2,tRNA-Asn-GTT-2-3,tRNA-Asn-GTT-2-4,tRNA-Asn-GTT-2-5,tRNA-Asn-GTT-2-6,tRNA-Asn-GTT-chr1-110,tRNA-Asn-GTT-chr1-21	8	1	1.0	45.125	tRNA_treated2
322	SRR1836126	tRFM#tRNA-Asp-GTC-2-1	9	A	68.00200000000001	282.99699999999996	0.24029229991837375	T,T,T,T,T,T,T,T,T,T,T	6,6,6,6,6,6,6,6,6,6,6	tRNA-Asp-GTC-2-1,tRNA-Asp-GTC-2-10,tRNA-Asp-GTC-2-11,tRNA-Asp-GTC-2-2,tRNA-Asp-GTC-2-3,tRNA-Asp-GTC-2-4,tRNA-Asp-GTC-2-5,tRNA-Asp-GTC-2-6,tRNA-Asp-GTC-2-7,tRNA-Asp-GTC-2-8,tRNA-Asp-GTC-2-9	11	1	0.8214496169711255	86.625375	tRNA_treated2
324	SRR1836126	tRFM#tRNA-Glu-CTC-1-1	9	G	10.997	134.995	0.08146227638060669	T,T,T,T,T,T,T	1,1,1,1,1,1,1	tRNA-Glu-CTC-1-1,tRNA-Glu-CTC-1-2,tRNA-Glu-CTC-1-3,tRNA-Glu-CTC-1-4,tRNA-Glu-CTC-1-5,tRNA-Glu-CTC-1-6,tRNA-Glu-CTC-1-7	7	1	0.18419373301842729	26.998625000000004	tRNA_treated2
325	SRR1836126	tRFM#tRNA-Glu-TTC-1-1	9	G	17.0	17.0	1.0	T,T	8,8	tRNA-Glu-TTC-1-1,tRNA-Glu-TTC-1-2	2	1	1.0	17.8	tRNA_treated2
326	SRR1836126	tRFM#tRNA-Gly-CCC-2-1	56	A	31.0	189.0	0.164021164021164	T,T	15,15	tRNA-Gly-CCC-2-1,tRNA-Gly-CCC-2-2	2	1	1.0	97.6	tRNA_treated2
328	SRR1836126	tRFM#tRNA-Gly-TCC-2-1	57	A	26.003999999999998	62.00400000000001	0.4193922972711437	T,T,T,T,T,T	4,4,4,4,4,4	tRNA-Gly-TCC-2-1,tRNA-Gly-TCC-2-2,tRNA-Gly-TCC-2-3,tRNA-Gly-TCC-2-4,tRNA-Gly-TCC-2-5,tRNA-Gly-TCC-2-6	6	1	1.0	39.62475	tRNA_treated2
329	SRR1836126	tRFM#tRNA-His-GTG-1-1	57	A	32.004000000000005	645.993	0.04954233250205498	T,G,T,G,T,G,T,G,T,G,T,G,T,G,T,G,T,G	1,2,1,2,1,2,1,2,1,2,1,2,1,2,1,2,1,2	tRNA-His-GTG-1-1,tRNA-His-GTG-1-2,tRNA-His-GTG-1-3,tRNA-His-GTG-1-4,tRNA-His-GTG-1-5,tRNA-His-GTG-1-6,tRNA-His-GTG-1-7,tRNA-His-GTG-1-8,tRNA-His-GTG-1-9	9	2	1.0	156.24925000000002	tRNA_treated2
330	SRR1836126	tRFM#tRNA-Ile-AAT-5-1	27	G	150.0	150.0	1.0	A,T	113,37	tRNA-Ile-AAT-5-5	1	2	1.0	87.75	tRNA_treated2
331	SRR1836126	tRFM#tRNA-Ile-AAT-5-1	35	A	170.0	170.0	1.0	G,G,G,G,G	4,4,4,4,154	tRNA-Ile-AAT-5-1,tRNA-Ile-AAT-5-2,tRNA-Ile-AAT-5-3,tRNA-Ile-AAT-5-4,tRNA-Ile-AAT-5-5	5	2	1.0	60.828125	tRNA_treated2
332	SRR1836126	tRFM#tRNA-Ile-AAT-6-1	27	G	14.0	14.0	1.0	A	14	tRNA-Ile-AAT-6-1	1	1	1.0	14.0	tRNA_treated2
333	SRR1836126	tRFM#tRNA-Ile-AAT-6-1	35	A	14.0	14.0	1.0	G	14	tRNA-Ile-AAT-6-1	1	1	1.0	14.0	tRNA_treated2
334	SRR1836126	tRFM#tRNA-Ile-AAT-7-1	27	G	50.0	50.0	1.0	A,T	37,13	tRNA-Ile-AAT-7-2	1	2	1.0	54.0	tRNA_treated2
335	SRR1836126	tRFM#tRNA-Ile-AAT-7-1	35	A	58.0	58.0	1.0	G,G	4,54	tRNA-Ile-AAT-7-1,tRNA-Ile-AAT-7-2	2	2	1.0	33.0625	tRNA_treated2
336	SRR1836126	tRFM#tRNA-Ile-AAT-8-1	35	A	4.0	4.0	1.0	G	4	tRNA-Ile-AAT-8-1	1	1	1.0	3.03125	tRNA_treated2
337	SRR1836126	tRFM#tRNA-Ile-TAT-2-1	27	G	42.0	42.0	1.0	A,A,A	14,14,14	tRNA-Ile-TAT-2-1,tRNA-Ile-TAT-2-2,tRNA-Ile-TAT-2-3	3	1	1.0	23.666833333333333	tRNA_treated2
338	SRR1836126	tRFM#tRNA-Leu-CAG-1-1	27	G	62.99300000000001	62.99300000000001	1.0	A,A,A,A,A,A,A	8,8,8,8,8,8,8	tRNA-Leu-CAG-1-1,tRNA-Leu-CAG-1-2,tRNA-Leu-CAG-1-3,tRNA-Leu-CAG-1-4,tRNA-Leu-CAG-1-5,tRNA-Leu-CAG-1-6,tRNA-Leu-CAG-1-7	7	1	1.0	47.999	tRNA_treated2
339	SRR1836126	tRFM#tRNA-Lys-TTT-2-1	69	A	11.0	61.0	0.18032786885245902	T	11	tRNA-Lys-TTT-2-1	1	1	0.18840579710144928	11.666666666666666	tRNA_treated2
340	SRR1836126	tRFM#tRNA-Lys-TTT-3-1	58	A	43.0	248.4	0.17310789049919484	T	43	tRNA-Lys-TTT-3-5	1	1	0.9844054580896684	345.125	tRNA_treated2
344	SRR1836126	tRFM#tRNA-Met-CAT-2-1	26	G	2.5	2.5	1.0	A	2	tRNA-Met-CAT-2-1	1	1	1.0	12.3125	tRNA_treated2
345	SRR1836126	tRFM#tRNA-Met-CAT-4-1	26	G	7.5	7.5	1.0	A,A,A	2,2,2	tRNA-Met-CAT-4-1,tRNA-Met-CAT-4-2,tRNA-Met-CAT-4-3	3	1	1.0	8.625	tRNA_treated2
346	SRR1836126	tRFM#tRNA-Met-CAT-6-1	26	G	38.0	38.0	1.0	A	38	tRNA-Met-CAT-6-1	1	1	1.0	23.333333333333332	tRNA_treated2
347	SRR1836126	tRFM#tRNA-Phe-GAA-1-1	58	A	15.0	111.0	0.13513513513513514	T	15	tRNA-Phe-GAA-1-6	1	1	0.9942112879884226	268.875	tRNA_treated2
349	SRR1836126	tRFM#tRNA-Phe-GAA-6-1	27	T	19.0	19.0	1.0	C	19	tRNA-Phe-GAA-6-1	1	1	1.0	19.875	tRNA_treated2
350	SRR1836126	tRFM#tRNA-Phe-GAA-6-1	28	T	19.0	19.0	1.0	C	19	tRNA-Phe-GAA-6-1	1	1	1.0	19.875	tRNA_treated2
351	SRR1836126	tRFM#tRNA-Pro-TGG-3-1	9	G	12.0	12.0	1.0	T	12	tRNA-Pro-TGG-3-5	1	1	1.0	17.5	tRNA_treated2
352	SRR1836126	tRFM#tRNA-Pro-TGG-3-1	33	T	64.0	79.0	0.810126582278481	G,G,G,G,G	10,10,10,10,22	tRNA-Pro-TGG-3-1,tRNA-Pro-TGG-3-2,tRNA-Pro-TGG-3-3,tRNA-Pro-TGG-3-4,tRNA-Pro-TGG-3-5	5	2	1.0	49.70875	tRNA_treated2
353	SRR1836126	tRFM#tRNA-Ser-GCT-4-1	26	G	22.002	22.002	1.0	A,A,A	7,7,7	tRNA-Ser-GCT-4-1,tRNA-Ser-GCT-4-2,tRNA-Ser-GCT-4-3	3	1	1.0	22.002	tRNA_treated2
354	SRR1836126	tRFM#tRNA-Ser-TGA-3-1	26	G	45.0	45.0	1.0	A	45	tRNA-Ser-TGA-3-1	1	1	1.0	51.5	tRNA_treated2
355	SRR1836126	tRFM#tRNA-Ser-TGA-3-1	34	T	162.0	162.0	1.0	G	162	tRNA-Ser-TGA-3-1	1	1	1.0	105.5	tRNA_treated2
357	SRR1836126	tRFM#tRNA-Thr-AGT-1-1	27	G	121.0	136.25	0.8880733944954129	A	121	tRNA-Thr-AGT-1-3	1	1	0.9411764705882353	90.25	tRNA_treated2
358	SRR1836126	tRFM#tRNA-Thr-AGT-1-1	35	A	196.0	196.0	1.0	G,G,G	25,25,146	tRNA-Thr-AGT-1-1,tRNA-Thr-AGT-1-2,tRNA-Thr-AGT-1-3	3	2	1.0	127.9375	tRNA_treated2
359	SRR1836126	tRFM#tRNA-Thr-AGT-3-1	27	G	11.0	11.0	1.0	A	11	tRNA-Thr-AGT-3-1	1	1	1.0	11.0	tRNA_treated2
360	SRR1836126	tRFM#tRNA-Thr-AGT-3-1	35	A	11.0	11.0	1.0	G	11	tRNA-Thr-AGT-3-1	1	1	1.0	11.0	tRNA_treated2
361	SRR1836126	tRFM#tRNA-Thr-AGT-4-1	27	G	14.0	14.0	1.0	A	14	tRNA-Thr-AGT-4-1	1	1	1.0	15.0	tRNA_treated2
362	SRR1836126	tRFM#tRNA-Thr-AGT-4-1	35	A	14.0	14.0	1.0	G	14	tRNA-Thr-AGT-4-1	1	1	1.0	15.0	tRNA_treated2
363	SRR1836126	tRFM#tRNA-Thr-AGT-5-1	35	A	25.0	25.0	1.0	G	25	tRNA-Thr-AGT-5-1	1	1	1.0	12.5625	tRNA_treated2
364	SRR1836126	tRFM#tRNA-Thr-CGT-3-1	27	G	40.0	55.0	0.7272727272727273	A	40	tRNA-Thr-CGT-3-1	1	1	1.0	28.5	tRNA_treated2
365	SRR1836126	tRFM#tRNA-Thr-CGT-3-1	35	C	55.0	55.0	1.0	G	55	tRNA-Thr-CGT-3-1	1	1	1.0	37.25	tRNA_treated2
366	SRR1836126	tRFM#tRNA-Thr-TGT-1-1	27	G	10.0	20.0	0.5	A	10	tRNA-Thr-TGT-1-1	1	1	0.6666666666666666	15.0	tRNA_treated2
367	SRR1836126	tRFM#tRNA-Thr-TGT-3-1	26	G	16.0	16.0	1.0	A	16	tRNA-Thr-TGT-3-1	1	1	1.0	14.333333333333334	tRNA_treated2
368	SRR1836126	tRFM#tRNA-Trp-CCA-1-1	25	G	4.5	4.5	1.0	A	4	tRNA-Trp-CCA-1-1	1	1	1.0	5.125	tRNA_treated2
369	SRR1836126	tRFM#tRNA-Trp-CCA-3-1	25	G	13.5	13.5	1.0	A,A,A	4,4,4	tRNA-Trp-CCA-3-1,tRNA-Trp-CCA-3-2,tRNA-Trp-CCA-3-3	3	1	1.0	15.375	tRNA_treated2
370	SRR1836126	tRFM#tRNA-Val-AAC-2-1	34	A	259.0	259.0	1.0	G	259	tRNA-Val-AAC-2-1	1	1	1.0	135.57142857142858	tRNA_treated2
372	SRR1836126	tRFM#tRNA-Val-CAC-1-1	34	C	1270.0	2821.0	0.4501949663239986	G,G,G,G,G,G,G,G	151,151,151,151,151,151,151,211	tRNA-Val-CAC-1-1,tRNA-Val-CAC-1-2,tRNA-Val-CAC-1-3,tRNA-Val-CAC-1-4,tRNA-Val-CAC-1-5,tRNA-Val-CAC-1-6,tRNA-Val-CAC-5-1,tRNA-Val-CAC-chr1-93	8	2	0.5257352941176471	692.375	tRNA_treated2
374	SRR1836126	tRFM#tRNA-iMet-CAT-1-1	9	G	155.0	677.0	0.22895125553914328	C,T,C,T,C,T,C,T,C,T,C,T,C,T,C,T	17,1,17,1,17,1,17,1,17,1,17,1,17,1,17,1	tRNA-iMet-CAT-1-1,tRNA-iMet-CAT-1-2,tRNA-iMet-CAT-1-3,tRNA-iMet-CAT-1-4,tRNA-iMet-CAT-1-5,tRNA-iMet-CAT-1-6,tRNA-iMet-CAT-1-7,tRNA-iMet-CAT-1-8	8	2	0.9536423841059603	73.5	tRNA_treated2
375	SRR1836127	tRFM#tRNA-Ala-AGC-11-1	58	A	57.0	57.0	1.0	T,G	27,30	tRNA-Ala-AGC-11-1	1	2	1.0	100.75	Total_RNA_control_1
376	SRR1836127	tRFM#tRNA-Ala-AGC-2-1	57	A	23.0	33.667	0.6831615528559123	T	23	tRNA-Ala-AGC-7-1	1	1	0.788142272392139	30.25	Total_RNA_control_1
377	SRR1836127	tRFM#tRNA-Ala-AGC-3-1	57	A	13.0	13.0	1.0	T	13	tRNA-Ala-AGC-3-1	1	1	1.0	14.5	Total_RNA_control_1
378	SRR1836127	tRFM#tRNA-Ala-AGC-4-1	57	A	68.0	68.0	1.0	T,G	46,22	tRNA-Ala-AGC-4-1	1	2	1.0	93.5	Total_RNA_control_1
379	SRR1836127	tRFM#tRNA-Ala-AGC-8-1	58	A	45.0	45.0	1.0	G,T	28,17	tRNA-Ala-AGC-8-2	1	2	1.0	86.75	Total_RNA_control_1
380	SRR1836127	tRFM#tRNA-Ala-CGC-4-1	56	-	28.0	68.0	0.4117647058823529	G	28	tRNA-Ala-CGC-4-1	1	1	0.4166666666666667	26.5	Total_RNA_control_1
381	SRR1836127	tRFM#tRNA-Ala-CGC-4-1	57	A	40.0	68.0	0.5882352941176471	C	40	tRNA-Ala-CGC-4-1	1	1	0.5882352941176471	37.5	Total_RNA_control_1
382	SRR1836127	tRFM#tRNA-Ala-CGC-4-1	58	A	28.0	68.0	0.4117647058823529	C	28	tRNA-Ala-CGC-4-1	1	1	0.4166666666666667	26.5	Total_RNA_control_1
383	SRR1836127	tRFM#tRNA-Ala-TGC-2-1	57	A	11.0	18.5	0.5945945945945946	T	11	tRNA-Ala-TGC-2-1	1	1	0.7421383647798742	37.666666666666664	Total_RNA_control_1
384	SRR1836127	tRFM#tRNA-Ala-TGC-3-1	57	A	199.0	223.0	0.8923766816143498	T,G,C	128,48,23	tRNA-Ala-TGC-3-2	1	3	0.8923766816143498	124.75	Total_RNA_control_1
385	SRR1836127	tRFM#tRNA-Ala-TGC-4-1	57	A	12.0	12.0	1.0	T	12	tRNA-Ala-TGC-4-1	1	1	1.0	11.75	Total_RNA_control_1
386	SRR1836127	tRFM#tRNA-Ala-TGC-5-1	57	A	113.0	124.0	0.9112903225806451	T,G	92,21	tRNA-Ala-TGC-5-1	1	2	0.9112903225806451	99.5	Total_RNA_control_1
387	SRR1836127	tRFM#tRNA-Arg-ACG-1-1	58	A	75.0	75.0	1.0	G,T	53,22	tRNA-Arg-ACG-1-3	1	2	1.0	116.6	Total_RNA_control_1
388	SRR1836127	tRFM#tRNA-Arg-ACG-2-1	58	A	69.0	69.0	1.0	T,G	30,39	tRNA-Arg-ACG-2-4	1	2	1.0	76.8	Total_RNA_control_1
389	SRR1836127	tRFM#tRNA-Arg-CCG-1-1	58	A	307.0	310.0	0.9903225806451613	T,G,C	190,101,16	tRNA-Arg-CCG-1-3	1	3	1.0	300.1666666666667	Total_RNA_control_1
390	SRR1836127	tRFM#tRNA-Arg-CCG-2-1	58	A	217.0	217.0	1.0	G,T,C	103,103,11	tRNA-Arg-CCG-2-1	1	2	1.0	162.66666666666666	Total_RNA_control_1
391	SRR1836127	tRFM#tRNA-Arg-TCG-1-1	58	A	24.0	24.0	1.0	T,G	13,11	tRNA-Arg-TCG-1-1	1	2	1.0	49.25	Total_RNA_control_1
392	SRR1836127	tRFM#tRNA-Arg-TCG-2-1	58	A	43.0	43.0	1.0	T,G	17,26	tRNA-Arg-TCG-2-1	1	2	1.0	77.75	Total_RNA_control_1
393	SRR1836127	tRFM#tRNA-Arg-TCG-5-1	58	A	83.0	83.0	1.0	T,G	31,52	tRNA-Arg-TCG-5-1	1	2	1.0	160.25	Total_RNA_control_1
394	SRR1836127	tRFM#tRNA-Arg-TCT-1-1	46	A	24.0	24.0	1.0	T,G	13,11	tRNA-Arg-TCT-1-1	1	2	1.0	32.333333333333336	Total_RNA_control_1
395	SRR1836127	tRFM#tRNA-Asn-GTT-2-1	27	G	11.0	11.0	1.0	T	11	tRNA-Asn-GTT-chr1-21	1	1	1.0	45.125	Total_RNA_control_1
396	SRR1836127	tRFM#tRNA-Asn-GTT-2-1	59	A	26.112000000000002	26.112000000000002	1.0	T,T,T,T,T,T,T,T	1,1,1,1,1,1,1,12	tRNA-Asn-GTT-2-1,tRNA-Asn-GTT-2-2,tRNA-Asn-GTT-2-3,tRNA-Asn-GTT-2-4,tRNA-Asn-GTT-2-5,tRNA-Asn-GTT-2-6,tRNA-Asn-GTT-chr1-110,tRNA-Asn-GTT-chr1-21	8	2	1.0	53.0656	Total_RNA_control_1
397	SRR1836127	tRFM#tRNA-Asn-GTT-3-1	59	A	38.888999999999996	38.889	0.9999999999999998	G,T	14,24	tRNA-Asn-GTT-3-1	1	2	1.0	65.111	Total_RNA_control_1
398	SRR1836127	tRFM#tRNA-Asp-GTC-2-1	9	A	46.002	56.001000000000005	0.8214496169711255	T,T,T,T,T,T,T,T,T,T,T	4,4,4,4,4,4,4,4,4,4,4	tRNA-Asp-GTC-2-1,tRNA-Asp-GTC-2-10,tRNA-Asp-GTC-2-11,tRNA-Asp-GTC-2-2,tRNA-Asp-GTC-2-3,tRNA-Asp-GTC-2-4,tRNA-Asp-GTC-2-5,tRNA-Asp-GTC-2-6,tRNA-Asp-GTC-2-7,tRNA-Asp-GTC-2-8,tRNA-Asp-GTC-2-9	11	1	0.8214496169711255	86.625375	Total_RNA_control_1
399	SRR1836127	tRFM#tRNA-Cys-GCA-11-1	57	A	55.0	55.0	1.0	T	55	tRNA-Cys-GCA-11-1	1	1	1.0	59.333333333333336	Total_RNA_control_1
400	SRR1836127	tRFM#tRNA-Cys-GCA-4-1	57	A	20.0	20.0	1.0	T	20	tRNA-Cys-GCA-4-1	1	1	1.0	32.5	Total_RNA_control_1
401	SRR1836127	tRFM#tRNA-Gln-CTG-1-1	57	A	38.0	38.0	1.0	T,T,T,T,T	7,7,7,7,7	tRNA-Gln-CTG-1-1,tRNA-Gln-CTG-1-2,tRNA-Gln-CTG-1-3,tRNA-Gln-CTG-1-4,tRNA-Gln-CTG-1-5	5	1	1.0	192.25	Total_RNA_control_1
402	SRR1836127	tRFM#tRNA-Gln-TTG-1-1	57	A	5.5	5.5	1.0	T	5	tRNA-Gln-TTG-1-1	1	1	1.0	12.8125	Total_RNA_control_1
403	SRR1836127	tRFM#tRNA-Gln-TTG-3-1	57	A	16.5	16.5	1.0	T,T,T	5,5,5	tRNA-Gln-TTG-3-1,tRNA-Gln-TTG-3-2,tRNA-Gln-TTG-3-3	3	1	1.0	38.4375	Total_RNA_control_1
404	SRR1836127	tRFM#tRNA-Glu-CTC-1-1	9	G	46.998999999999995	1007.9940000000001	0.04662626960081111	T,T,T,T,T,T,T,C	2,2,2,2,2,2,17,12	tRNA-Glu-CTC-1-1,tRNA-Glu-CTC-1-2,tRNA-Glu-CTC-1-3,tRNA-Glu-CTC-1-4,tRNA-Glu-CTC-1-5,tRNA-Glu-CTC-1-6,tRNA-Glu-CTC-1-7	7	3	0.18419373301842729	26.998625000000004	Total_RNA_control_1
405	SRR1836127	tRFM#tRNA-Glu-CTC-1-1	57	A	615.008	1366.8990000000001	0.4499293656663733	G,T,G,T,G,T,G,T,G,T,G,T,G,T	7,73,7,73,7,73,7,73,7,73,7,73,7,127	tRNA-Glu-CTC-1-1,tRNA-Glu-CTC-1-2,tRNA-Glu-CTC-1-3,tRNA-Glu-CTC-1-4,tRNA-Glu-CTC-1-5,tRNA-Glu-CTC-1-6,tRNA-Glu-CTC-1-7	7	3	0.4543243790031072	273.0013333333334	Total_RNA_control_1
406	SRR1836127	tRFM#tRNA-Glu-TTC-1-1	57	A	24.0	44.0	0.5454545454545454	G,T,G,T	7,5,7,5	tRNA-Glu-TTC-1-1,tRNA-Glu-TTC-1-2	2	2	0.7727272727272727	26.5	Total_RNA_control_1
407	SRR1836127	tRFM#tRNA-Glu-TTC-2-1	9	G	48.0	160.0	0.3	C,T,C,T	17,7,17,7	tRNA-Glu-TTC-2-1,tRNA-Glu-TTC-2-2	2	2	1.0	29.833333333333332	Total_RNA_control_1
408	SRR1836127	tRFM#tRNA-Glu-TTC-4-2	57	A	26.0	35.111999999999995	0.7404875825928459	T,T	13,13	tRNA-Glu-TTC-4-2,tRNA-Glu-TTC-chr1-138	2	1	0.8817537778588586	42.0	Total_RNA_control_1
409	SRR1836127	tRFM#tRNA-Gly-CCC-2-1	56	A	10.0	10.0	1.0	T,T	5,5	tRNA-Gly-CCC-2-1,tRNA-Gly-CCC-2-2	2	1	1.0	97.6	Total_RNA_control_1
410	SRR1836127	tRFM#tRNA-Gly-GCC-1-1	56	A	47.0	47.0	1.0	T,T,T,T,T	9,9,9,9,9	tRNA-Gly-GCC-1-1,tRNA-Gly-GCC-1-2,tRNA-Gly-GCC-1-3,tRNA-Gly-GCC-1-4,tRNA-Gly-GCC-1-5	5	1	1.0000000000000002	185.5	Total_RNA_control_1
411	SRR1836127	tRFM#tRNA-Gly-TCC-2-1	57	A	34.002	34.002	1.0	T,T,T,T,T,T	5,5,5,5,5,5	tRNA-Gly-TCC-2-1,tRNA-Gly-TCC-2-2,tRNA-Gly-TCC-2-3,tRNA-Gly-TCC-2-4,tRNA-Gly-TCC-2-5,tRNA-Gly-TCC-2-6	6	1	1.0	39.62475	Total_RNA_control_1
412	SRR1836127	tRFM#tRNA-His-GTG-1-1	57	A	128.999	128.999	1.0	G,G,G,G,G,G,G,G,T,C,G	1,1,1,1,1,1,1,1,48,12,60	tRNA-His-GTG-1-1,tRNA-His-GTG-1-2,tRNA-His-GTG-1-3,tRNA-His-GTG-1-4,tRNA-His-GTG-1-5,tRNA-His-GTG-1-6,tRNA-His-GTG-1-7,tRNA-His-GTG-1-8,tRNA-His-GTG-1-9	9	4	1.0	156.24925000000002	Total_RNA_control_1
413	SRR1836127	tRFM#tRNA-Ile-AAT-5-1	35	A	12.0	12.0	1.0	G	12	tRNA-Ile-AAT-5-5	1	1	1.0	60.828125	Total_RNA_control_1
414	SRR1836127	tRFM#tRNA-Ile-AAT-5-1	59	A	12.0	12.0	1.0	T	12	tRNA-Ile-AAT-5-5	1	1	1.0	18.75	Total_RNA_control_1
415	SRR1836127	tRFM#tRNA-Leu-CAA-1-1	46	A	88.0	88.0	1.0	G,T	64,24	tRNA-Leu-CAA-1-2	1	2	1.0	47.2	Total_RNA_control_1
416	SRR1836127	tRFM#tRNA-Leu-CAA-2-1	69	A	46.0	46.0	1.0	G,T	26,20	tRNA-Leu-CAA-2-1	1	2	1.0	26.5	Total_RNA_control_1
417	SRR1836127	tRFM#tRNA-Leu-CAG-1-1	51	C	30.0	30.0	1.0	T	30	tRNA-Leu-CAG-1-7	1	1	1.0	42.75	Total_RNA_control_1
418	SRR1836127	tRFM#tRNA-Leu-CAG-1-1	68	A	73.0	73.0	1.0	G,T	46,27	tRNA-Leu-CAG-1-7	1	2	1.0	73.0	Total_RNA_control_1
419	SRR1836127	tRFM#tRNA-Leu-CAG-2-1	51	C	10.0	10.0	1.0	T	10	tRNA-Leu-CAG-2-2	1	1	1.0	16.333333333333332	Total_RNA_control_1
420	SRR1836127	tRFM#tRNA-Leu-CAG-2-1	68	A	10.0	10.0	1.0	G	10	tRNA-Leu-CAG-2-2	1	1	1.0	16.0	Total_RNA_control_1
421	SRR1836127	tRFM#tRNA-Leu-TAA-1-1	68	A	45.0	45.0	1.0	T,G	31,14	tRNA-Leu-TAA-1-1	1	2	1.0	82.25	Total_RNA_control_1
422	SRR1836127	tRFM#tRNA-Leu-TAA-3-1	68	A	13.0	13.0	1.0	T	13	tRNA-Leu-TAA-3-1	1	1	1.0	19.5	Total_RNA_control_1
423	SRR1836127	tRFM#tRNA-Lys-TTT-1-1	58	A	17.0	17.0	1.0	T	17	tRNA-Lys-TTT-1-1	1	1	1.0	21.75	Total_RNA_control_1
424	SRR1836127	tRFM#tRNA-Lys-TTT-2-1	58	A	71.0	77.5	0.9161290322580645	T	71	tRNA-Lys-TTT-2-1	1	1	0.946236559139785	60.0	Total_RNA_control_1
425	SRR1836127	tRFM#tRNA-Lys-TTT-3-1	58	A	420.0	435.0	0.9655172413793104	T,C,G	365,14,41	tRNA-Lys-TTT-3-5	1	3	0.9844054580896684	345.125	Total_RNA_control_1
427	SRR1836127	tRFM#tRNA-Met-CAT-2-1	26	G	12.0	12.0	1.0	A	12	tRNA-Met-CAT-2-1	1	1	1.0	12.3125	Total_RNA_control_1
428	SRR1836127	tRFM#tRNA-Met-CAT-2-1	58	A	12.0	12.0	1.0	T	12	tRNA-Met-CAT-2-1	1	1	1.0	22.625	Total_RNA_control_1
429	SRR1836127	tRFM#tRNA-Phe-GAA-1-1	58	A	312.0	317.0	0.9842271293375394	G,T,C	93,185,34	tRNA-Phe-GAA-1-6	1	3	0.9942112879884226	268.875	Total_RNA_control_1
430	SRR1836127	tRFM#tRNA-Phe-GAA-3-1	58	A	17.0	17.0	1.0	T	17	tRNA-Phe-GAA-3-1	1	1	1.0	34.25	Total_RNA_control_1
431	SRR1836127	tRFM#tRNA-Phe-GAA-6-1	27	T	18.0	18.0	1.0	C	18	tRNA-Phe-GAA-6-1	1	1	1.0	19.875	Total_RNA_control_1
432	SRR1836127	tRFM#tRNA-Phe-GAA-6-1	28	T	18.0	18.0	1.0	C	18	tRNA-Phe-GAA-6-1	1	1	1.0	19.875	Total_RNA_control_1
433	SRR1836127	tRFM#tRNA-Pro-TGG-1-1	57	A	55.0	55.0	1.0	T	55	tRNA-Pro-TGG-1-1	1	1	1.0	74.6	Total_RNA_control_1
434	SRR1836127	tRFM#tRNA-Ser-AGA-4-1	67	A	15.0	15.0	1.0	T	15	tRNA-Ser-AGA-4-1	1	1	1.0	19.5	Total_RNA_control_1
435	SRR1836127	tRFM#tRNA-Ser-GCT-3-1	67	A	10.0	10.0	1.0	G	10	tRNA-Ser-GCT-3-1	1	1	1.0	36.0	Total_RNA_control_1
436	SRR1836127	tRFM#tRNA-Trp-CCA-1-1	57	A	50.0	52.2	0.9578544061302682	T	50	tRNA-Trp-CCA-1-1	1	1	1.0	63.25	Total_RNA_control_1
437	SRR1836127	tRFM#tRNA-Trp-CCA-2-1	57	A	60.0	70.0	0.8571428571428571	T	60	tRNA-Trp-CCA-2-1	1	1	1.0	88.0	Total_RNA_control_1
438	SRR1836127	tRFM#tRNA-Trp-CCA-4-1	57	A	38.0	38.0	1.0	G,T	26,12	tRNA-Trp-CCA-4-1	1	2	1.0	53.25	Total_RNA_control_1
439	SRR1836127	tRFM#tRNA-Tyr-GTA-2-1	42	A	62.0	62.0	1.0	T	62	tRNA-Tyr-GTA-2-1	1	1	1.0	93.2	Total_RNA_control_1
440	SRR1836127	tRFM#tRNA-Tyr-GTA-8-1	41	A	12.0	12.0	1.0	G	12	tRNA-Tyr-GTA-8-1	1	1	1.0	53.75	Total_RNA_control_1
441	SRR1836127	tRFM#tRNA-Val-AAC-2-1	34	A	13.0	13.0	1.0	G	13	tRNA-Val-AAC-2-1	1	1	1.0	135.57142857142858	Total_RNA_control_1
442	SRR1836127	tRFM#tRNA-Val-AAC-2-1	58	A	13.0	13.0	1.0	G	13	tRNA-Val-AAC-2-1	1	1	1.0	106.33333333333333	Total_RNA_control_1
443	SRR1836127	tRFM#tRNA-Val-CAC-1-1	34	C	140.0	297.0	0.4713804713804714	G,G,G,G,G,G,G,G	1,1,1,1,1,1,1,130	tRNA-Val-CAC-1-1,tRNA-Val-CAC-1-2,tRNA-Val-CAC-1-3,tRNA-Val-CAC-1-4,tRNA-Val-CAC-1-5,tRNA-Val-CAC-1-6,tRNA-Val-CAC-5-1,tRNA-Val-CAC-chr1-93	8	2	0.5257352941176471	692.375	Total_RNA_control_1
444	SRR1836127	tRFM#tRNA-Val-CAC-1-1	58	A	289.0	310.0	0.932258064516129	G,G,G,G,G,G,G,G	18,18,18,18,18,18,18,160	tRNA-Val-CAC-1-1,tRNA-Val-CAC-1-2,tRNA-Val-CAC-1-3,tRNA-Val-CAC-1-4,tRNA-Val-CAC-1-5,tRNA-Val-CAC-1-6,tRNA-Val-CAC-5-1,tRNA-Val-CAC-chr1-93	8	2	0.9396960287628696	942.6666666666666	Total_RNA_control_1
445	SRR1836127	tRFM#tRNA-Val-TAC-1-1	58	A	7.334	20.0	0.36669999999999997	T,T	3,3	tRNA-Val-TAC-1-1,tRNA-Val-TAC-1-2	2	1	0.7522913054248204	23.3335	Total_RNA_control_1
446	SRR1836127	tRFM#tRNA-Val-TAC-2-1	58	A	3.667	10.0	0.36669999999999997	T	3	tRNA-Val-TAC-2-1	1	1	0.6582235218167317	9.166749999999999	Total_RNA_control_1
447	SRR1836127	tRFM#tRNA-iMet-CAT-1-1	57	A	31.0	31.0	1.0	-,G,-,G,-,G,-,G,-,G,-,G,-,G,-,G	2,1,2,1,2,1,2,1,2,1,2,1,2,1,2,1	tRNA-iMet-CAT-1-1,tRNA-iMet-CAT-1-2,tRNA-iMet-CAT-1-3,tRNA-iMet-CAT-1-4,tRNA-iMet-CAT-1-5,tRNA-iMet-CAT-1-6,tRNA-iMet-CAT-1-7,tRNA-iMet-CAT-1-8	8	2	1.0	187.25	Total_RNA_control_1
448	SRR1836128	tRFM#tRNA-Ala-AGC-11-1	58	A	35.0	35.0	1.0	G,T	20,15	tRNA-Ala-AGC-11-1	1	2	1.0	100.75	Total_RNA_control_2
449	SRR1836128	tRFM#tRNA-Ala-AGC-2-1	57	A	31.0	39.333	0.788142272392139	T	31	tRNA-Ala-AGC-7-1	1	1	0.788142272392139	30.25	Total_RNA_control_2
450	SRR1836128	tRFM#tRNA-Ala-AGC-4-1	57	A	53.0	53.0	1.0	T,G	43,10	tRNA-Ala-AGC-4-1	1	2	1.0	93.5	Total_RNA_control_2
451	SRR1836128	tRFM#tRNA-Ala-AGC-8-1	58	A	19.0	19.0	1.0	G	19	tRNA-Ala-AGC-8-2	1	1	1.0	86.75	Total_RNA_control_2
452	SRR1836128	tRFM#tRNA-Ala-CGC-3-1	57	A	10.0	10.0	1.0	T	10	tRNA-Ala-CGC-3-1	1	1	1.0	19.333333333333332	Total_RNA_control_2
453	SRR1836128	tRFM#tRNA-Ala-CGC-4-1	56	-	25.0	60.0	0.4166666666666667	G	25	tRNA-Ala-CGC-4-1	1	1	0.4166666666666667	26.5	Total_RNA_control_2
454	SRR1836128	tRFM#tRNA-Ala-CGC-4-1	57	A	35.0	60.0	0.5833333333333334	C	35	tRNA-Ala-CGC-4-1	1	1	0.5882352941176471	37.5	Total_RNA_control_2
455	SRR1836128	tRFM#tRNA-Ala-CGC-4-1	58	A	25.0	60.0	0.4166666666666667	C	25	tRNA-Ala-CGC-4-1	1	1	0.4166666666666667	26.5	Total_RNA_control_2
456	SRR1836128	tRFM#tRNA-Ala-TGC-3-1	57	A	161.0	180.667	0.8911422672651895	G,T	38,123	tRNA-Ala-TGC-3-2	1	2	0.8923766816143498	124.75	Total_RNA_control_2
457	SRR1836128	tRFM#tRNA-Ala-TGC-4-1	57	A	12.0	12.0	1.0	T	12	tRNA-Ala-TGC-4-1	1	1	1.0	11.75	Total_RNA_control_2
458	SRR1836128	tRFM#tRNA-Ala-TGC-5-1	57	A	86.0	99.0	0.8686868686868687	T,G	59,27	tRNA-Ala-TGC-5-1	1	2	0.9112903225806451	99.5	Total_RNA_control_2
459	SRR1836128	tRFM#tRNA-Arg-ACG-1-1	58	A	74.0	74.0	1.0	T,C,G	21,11,42	tRNA-Arg-ACG-1-3	1	3	1.0	116.6	Total_RNA_control_2
460	SRR1836128	tRFM#tRNA-Arg-ACG-2-1	58	A	64.0	64.0	1.0	G,T	39,25	tRNA-Arg-ACG-2-4	1	2	1.0	76.8	Total_RNA_control_2
461	SRR1836128	tRFM#tRNA-Arg-CCG-1-1	58	A	288.0	288.0	1.0	T,G,C	173,96,19	tRNA-Arg-CCG-1-3	1	3	1.0	300.1666666666667	Total_RNA_control_2
462	SRR1836128	tRFM#tRNA-Arg-CCG-2-1	58	A	187.0	197.0	0.949238578680203	T,G,C	87,84,16	tRNA-Arg-CCG-2-1	1	3	1.0	162.66666666666666	Total_RNA_control_2
463	SRR1836128	tRFM#tRNA-Arg-TCG-1-1	58	A	16.0	16.0	1.0	T	16	tRNA-Arg-TCG-1-1	1	1	1.0	49.25	Total_RNA_control_2
464	SRR1836128	tRFM#tRNA-Arg-TCG-2-1	58	A	44.0	44.0	1.0	T,G	18,26	tRNA-Arg-TCG-2-1	1	2	1.0	77.75	Total_RNA_control_2
465	SRR1836128	tRFM#tRNA-Arg-TCG-5-1	58	A	75.0	75.0	1.0	G,T	46,29	tRNA-Arg-TCG-5-1	1	2	1.0	160.25	Total_RNA_control_2
466	SRR1836128	tRFM#tRNA-Asn-GTT-2-1	27	G	13.0	13.0	1.0	T	13	tRNA-Asn-GTT-chr1-21	1	1	1.0	45.125	Total_RNA_control_2
467	SRR1836128	tRFM#tRNA-Asn-GTT-2-1	59	A	33.448	33.448	1.0	T,T,T,T,T,T,T,T	2,2,2,2,2,2,2,15	tRNA-Asn-GTT-2-1,tRNA-Asn-GTT-2-2,tRNA-Asn-GTT-2-3,tRNA-Asn-GTT-2-4,tRNA-Asn-GTT-2-5,tRNA-Asn-GTT-2-6,tRNA-Asn-GTT-chr1-110,tRNA-Asn-GTT-chr1-21	8	2	1.0	53.0656	Total_RNA_control_2
468	SRR1836128	tRFM#tRNA-Asn-GTT-3-1	59	A	34.556	34.556	1.0	T,G	21,13	tRNA-Asn-GTT-3-1	1	2	1.0	65.111	Total_RNA_control_2
469	SRR1836128	tRFM#tRNA-Asp-GTC-2-1	9	A	49.00499999999999	64.00900000000001	0.7655954631379959	T,T,T,T,T,T,T,T,T,T,T	4,4,4,4,4,4,4,4,4,4,4	tRNA-Asp-GTC-2-1,tRNA-Asp-GTC-2-10,tRNA-Asp-GTC-2-11,tRNA-Asp-GTC-2-2,tRNA-Asp-GTC-2-3,tRNA-Asp-GTC-2-4,tRNA-Asp-GTC-2-5,tRNA-Asp-GTC-2-6,tRNA-Asp-GTC-2-7,tRNA-Asp-GTC-2-8,tRNA-Asp-GTC-2-9	11	1	0.8214496169711255	86.625375	Total_RNA_control_2
470	SRR1836128	tRFM#tRNA-Cys-GCA-11-1	57	A	49.0	49.0	1.0	T	49	tRNA-Cys-GCA-11-1	1	1	1.0	59.333333333333336	Total_RNA_control_2
471	SRR1836128	tRFM#tRNA-Cys-GCA-4-1	57	A	21.0	21.0	1.0	T	21	tRNA-Cys-GCA-4-1	1	1	1.0	32.5	Total_RNA_control_2
472	SRR1836128	tRFM#tRNA-Gln-CTG-1-1	57	A	32.0	32.0	1.0	T,T,T,T,T	6,6,6,6,6	tRNA-Gln-CTG-1-1,tRNA-Gln-CTG-1-2,tRNA-Gln-CTG-1-3,tRNA-Gln-CTG-1-4,tRNA-Gln-CTG-1-5	5	1	1.0	192.25	Total_RNA_control_2
473	SRR1836128	tRFM#tRNA-Gln-TTG-1-1	57	A	3.75	3.75	1.0	T	3	tRNA-Gln-TTG-1-1	1	1	1.0	12.8125	Total_RNA_control_2
474	SRR1836128	tRFM#tRNA-Gln-TTG-3-1	57	A	11.25	11.25	1.0	T,T,T	3,3,3	tRNA-Gln-TTG-3-1,tRNA-Gln-TTG-3-2,tRNA-Gln-TTG-3-3	3	1	1.0	38.4375	Total_RNA_control_2
475	SRR1836128	tRFM#tRNA-Glu-CTC-1-1	9	G	53.002	1401.0059999999999	0.03783138687485993	T,T,T,T,T,T,C,T	3,3,3,3,3,3,10,23	tRNA-Glu-CTC-1-1,tRNA-Glu-CTC-1-2,tRNA-Glu-CTC-1-3,tRNA-Glu-CTC-1-4,tRNA-Glu-CTC-1-5,tRNA-Glu-CTC-1-6,tRNA-Glu-CTC-1-7	7	3	0.18419373301842729	26.998625000000004	Total_RNA_control_2
476	SRR1836128	tRFM#tRNA-Glu-CTC-1-1	57	A	777.0010000000001	1710.2340000000002	0.4543243790031072	T,G,T,G,T,G,T,G,T,G,T,G,T,G	88,13,88,13,88,13,88,13,88,13,88,13,150,13	tRNA-Glu-CTC-1-1,tRNA-Glu-CTC-1-2,tRNA-Glu-CTC-1-3,tRNA-Glu-CTC-1-4,tRNA-Glu-CTC-1-5,tRNA-Glu-CTC-1-6,tRNA-Glu-CTC-1-7	7	3	0.4543243790031072	273.0013333333334	Total_RNA_control_2
477	SRR1836128	tRFM#tRNA-Glu-TTC-1-1	57	A	15.0	44.0	0.3409090909090909	G,G	7,7	tRNA-Glu-TTC-1-1,tRNA-Glu-TTC-1-2	2	1	0.7727272727272727	26.5	Total_RNA_control_2
478	SRR1836128	tRFM#tRNA-Glu-TTC-2-1	9	G	84.0	226.0	0.37168141592920356	C,T,C,T	33,8,33,8	tRNA-Glu-TTC-2-1,tRNA-Glu-TTC-2-2	2	2	1.0	29.833333333333332	Total_RNA_control_2
479	SRR1836128	tRFM#tRNA-Glu-TTC-4-2	9	G	10.0	34.0	0.29411764705882354	T	10	tRNA-Glu-TTC-chr1-138	1	1	0.29411764705882354	10.0	Total_RNA_control_2
480	SRR1836128	tRFM#tRNA-Glu-TTC-4-2	57	A	58.0	65.778	0.8817537778588586	T,T	24,34	tRNA-Glu-TTC-4-2,tRNA-Glu-TTC-chr1-138	2	2	0.8817537778588586	42.0	Total_RNA_control_2
481	SRR1836128	tRFM#tRNA-Gly-GCC-1-1	56	A	51.0	51.0	1.0	T,T,T,T,T	10,10,10,10,10	tRNA-Gly-GCC-1-1,tRNA-Gly-GCC-1-2,tRNA-Gly-GCC-1-3,tRNA-Gly-GCC-1-4,tRNA-Gly-GCC-1-5	5	1	1.0000000000000002	185.5	Total_RNA_control_2
482	SRR1836128	tRFM#tRNA-Gly-GCC-2-1	56	A	30.0	30.0	1.0	T,T,T,T,T,T	5,5,5,5,5,5	tRNA-Gly-GCC-2-1,tRNA-Gly-GCC-2-2,tRNA-Gly-GCC-2-3,tRNA-Gly-GCC-2-4,tRNA-Gly-GCC-2-5,tRNA-Gly-GCC-2-6	6	1	1.0000000000000002	123.0	Total_RNA_control_2
483	SRR1836128	tRFM#tRNA-Gly-TCC-2-1	57	A	46.002	46.002	1.0	T,T,T,T,T,T	7,7,7,7,7,7	tRNA-Gly-TCC-2-1,tRNA-Gly-TCC-2-2,tRNA-Gly-TCC-2-3,tRNA-Gly-TCC-2-4,tRNA-Gly-TCC-2-5,tRNA-Gly-TCC-2-6	6	1	1.0	39.62475	Total_RNA_control_2
484	SRR1836128	tRFM#tRNA-His-GTG-1-1	57	A	113.99599999999998	113.99600000000001	0.9999999999999998	T,T,T,T,T,T,T,T,G,T	1,1,1,1,1,1,1,1,53,49	tRNA-His-GTG-1-1,tRNA-His-GTG-1-2,tRNA-His-GTG-1-3,tRNA-His-GTG-1-4,tRNA-His-GTG-1-5,tRNA-His-GTG-1-6,tRNA-His-GTG-1-7,tRNA-His-GTG-1-8,tRNA-His-GTG-1-9	9	3	1.0	156.24925000000002	Total_RNA_control_2
485	SRR1836128	tRFM#tRNA-Ile-AAT-5-1	35	A	12.0	12.0	1.0	G	12	tRNA-Ile-AAT-5-5	1	1	1.0	60.828125	Total_RNA_control_2
486	SRR1836128	tRFM#tRNA-Ile-AAT-5-1	59	A	12.0	12.0	1.0	T	12	tRNA-Ile-AAT-5-5	1	1	1.0	18.75	Total_RNA_control_2
487	SRR1836128	tRFM#tRNA-Leu-CAA-1-1	38	G	11.0	11.0	1.0	T	11	tRNA-Leu-CAA-1-2	1	1	1.0	19.333333333333332	Total_RNA_control_2
488	SRR1836128	tRFM#tRNA-Leu-CAA-1-1	46	A	92.0	92.0	1.0	G,T	62,30	tRNA-Leu-CAA-1-2	1	2	1.0	47.2	Total_RNA_control_2
489	SRR1836128	tRFM#tRNA-Leu-CAA-2-1	69	A	25.0	25.0	1.0	T,G	12,13	tRNA-Leu-CAA-2-1	1	2	1.0	26.5	Total_RNA_control_2
490	SRR1836128	tRFM#tRNA-Leu-CAA-3-1	46	A	17.0	17.0	1.0	G	17	tRNA-Leu-CAA-3-1	1	1	1.0	17.0	Total_RNA_control_2
491	SRR1836128	tRFM#tRNA-Leu-CAG-1-1	51	C	30.0	30.0	1.0	T,A	18,12	tRNA-Leu-CAG-1-7	1	2	1.0	42.75	Total_RNA_control_2
492	SRR1836128	tRFM#tRNA-Leu-CAG-1-1	68	A	77.0	77.0	1.0	G,T	63,14	tRNA-Leu-CAG-1-7	1	2	1.0	73.0	Total_RNA_control_2
493	SRR1836128	tRFM#tRNA-Leu-CAG-2-1	51	C	11.0	11.0	1.0	T	11	tRNA-Leu-CAG-2-2	1	1	1.0	16.333333333333332	Total_RNA_control_2
494	SRR1836128	tRFM#tRNA-Leu-CAG-2-1	68	A	11.0	11.0	1.0	G	11	tRNA-Leu-CAG-2-2	1	1	1.0	16.0	Total_RNA_control_2
495	SRR1836128	tRFM#tRNA-Leu-TAA-1-1	68	A	69.0	69.0	1.0	G,T	27,42	tRNA-Leu-TAA-1-1	1	2	1.0	82.25	Total_RNA_control_2
496	SRR1836128	tRFM#tRNA-Leu-TAA-3-1	68	A	11.0	11.0	1.0	G	11	tRNA-Leu-TAA-3-1	1	1	1.0	19.5	Total_RNA_control_2
497	SRR1836128	tRFM#tRNA-Lys-CTT-2-1	58	A	12.0	12.0	1.0	T,T,T,T,T	2,2,2,2,2	tRNA-Lys-CTT-2-1,tRNA-Lys-CTT-2-2,tRNA-Lys-CTT-2-3,tRNA-Lys-CTT-2-4,tRNA-Lys-CTT-2-5	5	1	1.0	48.0	Total_RNA_control_2
498	SRR1836128	tRFM#tRNA-Lys-TTT-1-1	58	A	22.0	22.0	1.0	T	22	tRNA-Lys-TTT-1-1	1	1	1.0	21.75	Total_RNA_control_2
499	SRR1836128	tRFM#tRNA-Lys-TTT-2-1	58	A	93.0	99.5	0.9346733668341709	T,G	83,10	tRNA-Lys-TTT-2-1	1	2	0.946236559139785	60.0	Total_RNA_control_2
500	SRR1836128	tRFM#tRNA-Lys-TTT-3-1	58	A	438.0	446.6000000000001	0.9807433945364978	T,G,C	386,38,14	tRNA-Lys-TTT-3-5	1	3	0.9844054580896684	345.125	Total_RNA_control_2
501	SRR1836128	tRFM#tRNA-Met-CAT-2-1	26	G	14.0	14.0	1.0	A	14	tRNA-Met-CAT-2-1	1	1	1.0	12.3125	Total_RNA_control_2
502	SRR1836128	tRFM#tRNA-Met-CAT-2-1	58	A	14.0	14.0	1.0	T	14	tRNA-Met-CAT-2-1	1	1	1.0	22.625	Total_RNA_control_2
503	SRR1836128	tRFM#tRNA-Phe-GAA-1-1	58	A	311.0	312.83299999999997	0.9941406437300414	G,T,C	93,182,36	tRNA-Phe-GAA-1-6	1	3	0.9942112879884226	268.875	Total_RNA_control_2
504	SRR1836128	tRFM#tRNA-Phe-GAA-3-1	58	A	22.0	22.0	1.0	T	22	tRNA-Phe-GAA-3-1	1	1	1.0	34.25	Total_RNA_control_2
505	SRR1836128	tRFM#tRNA-Phe-GAA-6-1	27	T	28.0	28.0	1.0	C	28	tRNA-Phe-GAA-6-1	1	1	1.0	19.875	Total_RNA_control_2
506	SRR1836128	tRFM#tRNA-Phe-GAA-6-1	28	T	28.0	28.0	1.0	C	28	tRNA-Phe-GAA-6-1	1	1	1.0	19.875	Total_RNA_control_2
507	SRR1836128	tRFM#tRNA-Pro-TGG-1-1	57	A	52.0	52.0	1.0	T	52	tRNA-Pro-TGG-1-1	1	1	1.0	74.6	Total_RNA_control_2
508	SRR1836128	tRFM#tRNA-Pro-TGG-2-1	57	A	10.0	10.0	1.0	T	10	tRNA-Pro-TGG-2-1	1	1	1.0	12.0	Total_RNA_control_2
509	SRR1836128	tRFM#tRNA-Ser-AGA-4-1	67	A	12.0	12.0	1.0	T	12	tRNA-Ser-AGA-4-1	1	1	1.0	19.5	Total_RNA_control_2
510	SRR1836128	tRFM#tRNA-Ser-AGA-5-1	57	A	10.0	10.0	1.0	T	10	tRNA-Ser-AGA-5-1	1	1	1.0	16.333333333333332	Total_RNA_control_2
511	SRR1836128	tRFM#tRNA-Ser-GCT-3-1	67	A	18.0	18.0	1.0	G	18	tRNA-Ser-GCT-3-1	1	1	1.0	36.0	Total_RNA_control_2
512	SRR1836128	tRFM#tRNA-Thr-TGT-4-1	58	A	11.0	11.0	1.0	T	11	tRNA-Thr-TGT-4-1	1	1	1.0	23.666666666666668	Total_RNA_control_2
513	SRR1836128	tRFM#tRNA-Trp-CCA-1-1	57	A	52.0	52.0	1.0	T	52	tRNA-Trp-CCA-1-1	1	1	1.0	63.25	Total_RNA_control_2
514	SRR1836128	tRFM#tRNA-Trp-CCA-2-1	57	A	90.0	90.0	1.0	T,G	77,13	tRNA-Trp-CCA-2-1	1	2	1.0	88.0	Total_RNA_control_2
515	SRR1836128	tRFM#tRNA-Trp-CCA-4-1	57	A	52.0	52.0	1.0	T,G	18,34	tRNA-Trp-CCA-4-1	1	2	1.0	53.25	Total_RNA_control_2
516	SRR1836128	tRFM#tRNA-Tyr-GTA-2-1	42	A	67.0	67.0	1.0	T	67	tRNA-Tyr-GTA-2-1	1	1	1.0	93.2	Total_RNA_control_2
517	SRR1836128	tRFM#tRNA-Tyr-GTA-8-1	41	A	20.0	20.0	1.0	T,G	10,10	tRNA-Tyr-GTA-8-1	1	1	1.0	53.75	Total_RNA_control_2
518	SRR1836128	tRFM#tRNA-Val-CAC-1-1	34	C	143.0	272.0	0.5257352941176471	G,G,G,G,G,G,G,G	1,1,1,1,1,1,1,132	tRNA-Val-CAC-1-1,tRNA-Val-CAC-1-2,tRNA-Val-CAC-1-3,tRNA-Val-CAC-1-4,tRNA-Val-CAC-1-5,tRNA-Val-CAC-1-6,tRNA-Val-CAC-5-1,tRNA-Val-CAC-chr1-93	8	2	0.5257352941176471	692.375	Total_RNA_control_2
519	SRR1836128	tRFM#tRNA-Val-CAC-1-1	58	A	276.0	293.71200000000005	0.9396960287628696	G,G,G,G,G,G,G,G	16,16,16,16,16,16,16,163	tRNA-Val-CAC-1-1,tRNA-Val-CAC-1-2,tRNA-Val-CAC-1-3,tRNA-Val-CAC-1-4,tRNA-Val-CAC-1-5,tRNA-Val-CAC-1-6,tRNA-Val-CAC-5-1,tRNA-Val-CAC-chr1-93	8	2	0.9396960287628696	942.6666666666666	Total_RNA_control_2
520	SRR1836128	tRFM#tRNA-Val-CAC-3-1	58	A	10.0	10.0	1.0	T	10	tRNA-Val-CAC-3-1	1	1	1.0	10.0	Total_RNA_control_2
521	SRR1836128	tRFM#tRNA-Val-TAC-1-1	58	A	6.666	14.0	0.47614285714285715	T,T	3,3	tRNA-Val-TAC-1-1,tRNA-Val-TAC-1-2	2	1	0.7522913054248204	23.3335	Total_RNA_control_2
522	SRR1836128	tRFM#tRNA-Val-TAC-2-1	58	A	3.333	7.0	0.47614285714285715	T	3	tRNA-Val-TAC-2-1	1	1	0.6582235218167317	9.166749999999999	Total_RNA_control_2
523	SRR1836128	tRFM#tRNA-iMet-CAT-1-1	57	A	23.0	23.0	1.0	-,-,-,-,-,-,-,-	2,2,2,2,2,2,2,2	tRNA-iMet-CAT-1-1,tRNA-iMet-CAT-1-2,tRNA-iMet-CAT-1-3,tRNA-iMet-CAT-1-4,tRNA-iMet-CAT-1-5,tRNA-iMet-CAT-1-6,tRNA-iMet-CAT-1-7,tRNA-iMet-CAT-1-8	8	1	1.0	187.25	Total_RNA_control_2
524	SRR1836129	tRFM#tRNA-Ala-AGC-1-1	33	A	14.0	14.0	1.0	G	14	tRNA-Ala-AGC-1-1	1	1	1.0	13.666666666666666	Total_RNA_treated_1
525	SRR1836129	tRFM#tRNA-Ala-AGC-1-1	36	A	14.0	14.0	1.0	G	14	tRNA-Ala-AGC-1-1	1	1	1.0	13.666666666666666	Total_RNA_treated_1
526	SRR1836129	tRFM#tRNA-Ala-AGC-11-1	34	A	10.0	10.0	1.0	G	10	tRNA-Ala-AGC-11-1	1	1	1.0	32.666666666666664	Total_RNA_treated_1
527	SRR1836129	tRFM#tRNA-Ala-AGC-11-1	37	A	10.0	10.0	1.0	G	10	tRNA-Ala-AGC-11-1	1	1	1.0	32.666666666666664	Total_RNA_treated_1
528	SRR1836129	tRFM#tRNA-Ala-AGC-2-1	33	A	21.0	21.0	1.0	G	21	tRNA-Ala-AGC-7-1	1	1	1.0	18.666666666666668	Total_RNA_treated_1
529	SRR1836129	tRFM#tRNA-Ala-AGC-2-1	36	A	21.0	21.0	1.0	G	21	tRNA-Ala-AGC-7-1	1	1	1.0	18.666666666666668	Total_RNA_treated_1
530	SRR1836129	tRFM#tRNA-Ala-AGC-4-1	33	A	44.0	44.0	1.0	G	44	tRNA-Ala-AGC-4-1	1	1	1.0	31.5	Total_RNA_treated_1
531	SRR1836129	tRFM#tRNA-Ala-AGC-4-1	36	A	44.0	44.0	1.0	G	44	tRNA-Ala-AGC-4-1	1	1	1.0	31.5	Total_RNA_treated_1
532	SRR1836129	tRFM#tRNA-Ala-AGC-8-1	34	A	13.0	13.0	1.0	G	13	tRNA-Ala-AGC-8-2	1	1	1.0	33.0	Total_RNA_treated_1
533	SRR1836129	tRFM#tRNA-Ala-AGC-8-1	37	A	13.0	13.0	1.0	G	13	tRNA-Ala-AGC-8-2	1	1	1.0	33.0	Total_RNA_treated_1
534	SRR1836129	tRFM#tRNA-Ala-CGC-2-1	36	A	18.0	18.0	1.0	G	18	tRNA-Ala-CGC-2-1	1	1	1.0	15.5	Total_RNA_treated_1
535	SRR1836129	tRFM#tRNA-Ala-TGC-3-1	25	G	19.0	19.0	1.0	A	19	tRNA-Ala-TGC-3-2	1	1	1.0	17.75	Total_RNA_treated_1
536	SRR1836129	tRFM#tRNA-Ala-TGC-3-1	36	A	70.0	70.0	1.0	G,G	25,44	tRNA-Ala-TGC-3-1,tRNA-Ala-TGC-3-2	2	2	1.0	41.0	Total_RNA_treated_1
537	SRR1836129	tRFM#tRNA-Ala-TGC-5-1	25	G	10.0	10.0	1.0	A	10	tRNA-Ala-TGC-5-1	1	1	1.0	10.5	Total_RNA_treated_1
538	SRR1836129	tRFM#tRNA-Ala-TGC-5-1	36	A	26.0	26.0	1.0	G	26	tRNA-Ala-TGC-5-1	1	1	1.0	26.5	Total_RNA_treated_1
539	SRR1836129	tRFM#tRNA-Arg-ACG-1-1	34	A	9.999	9.999	1.0	G,G,G	3,3,3	tRNA-Arg-ACG-1-1,tRNA-Arg-ACG-1-2,tRNA-Arg-ACG-1-3	3	1	1.0	16.000000000000004	Total_RNA_treated_1
540	SRR1836129	tRFM#tRNA-Arg-CCG-1-1	58	A	42.0	76.417	0.5496159231584595	G,T	16,26	tRNA-Arg-CCG-1-3	1	2	1.0	300.1666666666667	Total_RNA_treated_1
541	SRR1836129	tRFM#tRNA-Arg-CCG-2-1	58	A	10.0	44.0	0.22727272727272727	G	10	tRNA-Arg-CCG-2-1	1	1	1.0	162.66666666666666	Total_RNA_treated_1
542	SRR1836129	tRFM#tRNA-Asn-GTT-2-1	27	G	16.0	16.0	1.0	T,T,T,T,T,T,T,T	2,2,2,2,2,2,2,2	tRNA-Asn-GTT-2-1,tRNA-Asn-GTT-2-2,tRNA-Asn-GTT-2-3,tRNA-Asn-GTT-2-4,tRNA-Asn-GTT-2-5,tRNA-Asn-GTT-2-6,tRNA-Asn-GTT-chr1-110,tRNA-Asn-GTT-chr1-21	8	1	1.0	45.125	Total_RNA_treated_1
543	SRR1836129	tRFM#tRNA-Asn-GTT-3-1	59	A	20.0	64.0	0.3125	T	20	tRNA-Asn-GTT-3-1	1	1	1.0	65.111	Total_RNA_treated_1
544	SRR1836129	tRFM#tRNA-Asp-GTC-2-1	9	A	25.003	107.00799999999998	0.23365542763157898	T,T,T,T,T,T,T,T,T,T,T	2,2,2,2,2,2,2,2,2,2,2	tRNA-Asp-GTC-2-1,tRNA-Asp-GTC-2-10,tRNA-Asp-GTC-2-11,tRNA-Asp-GTC-2-2,tRNA-Asp-GTC-2-3,tRNA-Asp-GTC-2-4,tRNA-Asp-GTC-2-5,tRNA-Asp-GTC-2-6,tRNA-Asp-GTC-2-7,tRNA-Asp-GTC-2-8,tRNA-Asp-GTC-2-9	11	1	0.8214496169711255	86.625375	Total_RNA_treated_1
545	SRR1836129	tRFM#tRNA-Cys-GCA-11-1	57	A	15.0	22.5	0.6666666666666666	T	15	tRNA-Cys-GCA-11-1	1	1	1.0	59.333333333333336	Total_RNA_treated_1
546	SRR1836129	tRFM#tRNA-Glu-CTC-1-1	9	G	24.997000000000003	708.9949999999999	0.03525694821543171	T,T,T,T,T,T,T	3,3,3,3,3,3,3	tRNA-Glu-CTC-1-1,tRNA-Glu-CTC-1-2,tRNA-Glu-CTC-1-3,tRNA-Glu-CTC-1-4,tRNA-Glu-CTC-1-5,tRNA-Glu-CTC-1-6,tRNA-Glu-CTC-1-7	7	1	0.18419373301842729	26.998625000000004	Total_RNA_treated_1
547	SRR1836129	tRFM#tRNA-Glu-CTC-1-1	57	A	52.99699999999999	899.4300000000001	0.05892287337535994	T,G,T,G,T,G,T,G,T,G,T,G,T,G	5,1,5,1,5,1,5,1,5,1,5,1,5,1	tRNA-Glu-CTC-1-1,tRNA-Glu-CTC-1-2,tRNA-Glu-CTC-1-3,tRNA-Glu-CTC-1-4,tRNA-Glu-CTC-1-5,tRNA-Glu-CTC-1-6,tRNA-Glu-CTC-1-7	7	2	0.4543243790031072	273.0013333333334	Total_RNA_treated_1
548	SRR1836129	tRFM#tRNA-Glu-TTC-2-1	9	G	10.0	243.0	0.0411522633744856	T,T	5,5	tRNA-Glu-TTC-2-1,tRNA-Glu-TTC-2-2	2	1	1.0	29.833333333333332	Total_RNA_treated_1
549	SRR1836129	tRFM#tRNA-Gly-TCC-2-1	57	A	27.996000000000002	61.49400000000001	0.4552639281881159	T,T,T,T,T,T	4,4,4,4,4,4	tRNA-Gly-TCC-2-1,tRNA-Gly-TCC-2-2,tRNA-Gly-TCC-2-3,tRNA-Gly-TCC-2-4,tRNA-Gly-TCC-2-5,tRNA-Gly-TCC-2-6	6	1	1.0	39.62475	Total_RNA_treated_1
550	SRR1836129	tRFM#tRNA-His-GTG-1-1	57	A	33.00300000000001	213.003	0.1549414796974691	G,T,G,T,G,T,G,T,G,T,G,T,G,T,G,T,G,T	1,1,1,1,1,1,1,1,1,1,1,1,1,1,1,1,1,1	tRNA-His-GTG-1-1,tRNA-His-GTG-1-2,tRNA-His-GTG-1-3,tRNA-His-GTG-1-4,tRNA-His-GTG-1-5,tRNA-His-GTG-1-6,tRNA-His-GTG-1-7,tRNA-His-GTG-1-8,tRNA-His-GTG-1-9	9	1	1.0	156.24925000000002	Total_RNA_treated_1
551	SRR1836129	tRFM#tRNA-Ile-AAT-5-1	27	G	25.0	25.0	1.0	A	25	tRNA-Ile-AAT-5-5	1	1	1.0	87.75	Total_RNA_treated_1
552	SRR1836129	tRFM#tRNA-Ile-AAT-5-1	35	A	33.75	33.75	1.0	G,G,G,G,G	1,1,1,1,26	tRNA-Ile-AAT-5-1,tRNA-Ile-AAT-5-2,tRNA-Ile-AAT-5-3,tRNA-Ile-AAT-5-4,tRNA-Ile-AAT-5-5	5	2	1.0	60.828125	Total_RNA_treated_1
553	SRR1836129	tRFM#tRNA-Ile-AAT-7-1	35	A	3.5	3.5	1.0	G,G	1,1	tRNA-Ile-AAT-7-1,tRNA-Ile-AAT-7-2	2	1	1.0	33.0625	Total_RNA_treated_1
554	SRR1836129	tRFM#tRNA-Ile-AAT-8-1	35	A	1.75	1.75	1.0	G	1	tRNA-Ile-AAT-8-1	1	1	1.0	3.03125	Total_RNA_treated_1
555	SRR1836129	tRFM#tRNA-Ile-TAT-2-1	27	G	18.0	18.0	1.0	A,A,A	6,6,6	tRNA-Ile-TAT-2-1,tRNA-Ile-TAT-2-2,tRNA-Ile-TAT-2-3	3	1	1.0	23.666833333333333	Total_RNA_treated_1
556	SRR1836129	tRFM#tRNA-Leu-CAA-1-1	38	G	27.0	27.0	1.0	T,T	13,13	tRNA-Leu-CAA-1-1,tRNA-Leu-CAA-1-2	2	1	1.0	19.333333333333332	Total_RNA_treated_1
557	SRR1836129	tRFM#tRNA-Leu-CAA-1-1	46	A	23.0	97.5	0.2358974358974359	T,G	12,11	tRNA-Leu-CAA-1-2	1	2	1.0	47.2	Total_RNA_treated_1
558	SRR1836129	tRFM#tRNA-Leu-CAG-2-1	38	G	12.0	22.0	0.5454545454545454	C,C	6,6	tRNA-Leu-CAG-2-1,tRNA-Leu-CAG-2-2	2	1	0.5454545454545454	12.0	Total_RNA_treated_1
559	SRR1836129	tRFM#tRNA-Lys-TTT-2-1	58	A	18.0	68.0	0.2647058823529412	T	18	tRNA-Lys-TTT-2-1	1	1	0.946236559139785	60.0	Total_RNA_treated_1
560	SRR1836129	tRFM#tRNA-Lys-TTT-3-1	58	A	101.0	204.0	0.4950980392156863	T,G	91,10	tRNA-Lys-TTT-3-5	1	2	0.9844054580896684	345.125	Total_RNA_treated_1
562	SRR1836129	tRFM#tRNA-Met-CAT-2-1	26	G	3.0	3.0	1.0	A	3	tRNA-Met-CAT-2-1	1	1	1.0	12.3125	Total_RNA_treated_1
563	SRR1836129	tRFM#tRNA-Met-CAT-4-1	26	G	9.0	9.0	1.0	A,A,A	3,3,3	tRNA-Met-CAT-4-1,tRNA-Met-CAT-4-2,tRNA-Met-CAT-4-3	3	1	1.0	8.625	Total_RNA_treated_1
564	SRR1836129	tRFM#tRNA-Met-CAT-6-1	26	G	12.0	12.0	1.0	A	12	tRNA-Met-CAT-6-1	1	1	1.0	23.333333333333332	Total_RNA_treated_1
565	SRR1836129	tRFM#tRNA-Phe-GAA-1-1	58	A	72.0	124.834	0.5767659451751926	T,G,C	34,27,11	tRNA-Phe-GAA-1-6	1	3	0.9942112879884226	268.875	Total_RNA_treated_1
566	SRR1836129	tRFM#tRNA-Phe-GAA-6-1	27	T	20.0	20.0	1.0	C	20	tRNA-Phe-GAA-6-1	1	1	1.0	19.875	Total_RNA_treated_1
567	SRR1836129	tRFM#tRNA-Phe-GAA-6-1	28	T	20.0	20.0	1.0	C	20	tRNA-Phe-GAA-6-1	1	1	1.0	19.875	Total_RNA_treated_1
568	SRR1836129	tRFM#tRNA-Pro-TGG-1-1	57	A	12.0	13.5	0.8888888888888888	T	12	tRNA-Pro-TGG-1-1	1	1	1.0	74.6	Total_RNA_treated_1
569	SRR1836129	tRFM#tRNA-Ser-TGA-3-1	32	C	15.0	29.0	0.5172413793103449	A	15	tRNA-Ser-TGA-3-1	1	1	0.5714285714285714	19.0	Total_RNA_treated_1
570	SRR1836129	tRFM#tRNA-Ser-TGA-3-1	34	T	29.0	29.0	1.0	G	29	tRNA-Ser-TGA-3-1	1	1	1.0	105.5	Total_RNA_treated_1
571	SRR1836129	tRFM#tRNA-Thr-AGT-1-1	27	G	50.0	53.25	0.9389671361502347	A	50	tRNA-Thr-AGT-1-3	1	1	0.9411764705882353	90.25	Total_RNA_treated_1
572	SRR1836129	tRFM#tRNA-Thr-AGT-1-1	35	A	59.75	59.75	1.0	G,G,G	3,3,53	tRNA-Thr-AGT-1-1,tRNA-Thr-AGT-1-2,tRNA-Thr-AGT-1-3	3	2	1.0	127.9375	Total_RNA_treated_1
573	SRR1836129	tRFM#tRNA-Thr-AGT-4-1	27	G	17.0	17.0	1.0	A	17	tRNA-Thr-AGT-4-1	1	1	1.0	15.0	Total_RNA_treated_1
574	SRR1836129	tRFM#tRNA-Thr-AGT-4-1	35	A	17.0	17.0	1.0	G	17	tRNA-Thr-AGT-4-1	1	1	1.0	15.0	Total_RNA_treated_1
575	SRR1836129	tRFM#tRNA-Thr-AGT-5-1	35	A	3.25	3.25	1.0	G	3	tRNA-Thr-AGT-5-1	1	1	1.0	12.5625	Total_RNA_treated_1
576	SRR1836129	tRFM#tRNA-Thr-CGT-3-1	27	G	12.0	12.0	1.0	A	12	tRNA-Thr-CGT-3-1	1	1	1.0	28.5	Total_RNA_treated_1
577	SRR1836129	tRFM#tRNA-Thr-CGT-3-1	35	C	12.0	12.0	1.0	G	12	tRNA-Thr-CGT-3-1	1	1	1.0	37.25	Total_RNA_treated_1
578	SRR1836129	tRFM#tRNA-Thr-TGT-3-1	26	G	12.0	12.0	1.0	A	12	tRNA-Thr-TGT-3-1	1	1	1.0	14.333333333333334	Total_RNA_treated_1
579	SRR1836129	tRFM#tRNA-Val-AAC-2-1	34	A	19.0	19.0	1.0	G	19	tRNA-Val-AAC-2-1	1	1	1.0	135.57142857142858	Total_RNA_treated_1
580	SRR1836129	tRFM#tRNA-Val-CAC-1-1	34	C	214.0	531.0	0.4030131826741996	G,G,G,G,G,G,G,G	25,25,25,25,25,25,25,38	tRNA-Val-CAC-1-1,tRNA-Val-CAC-1-2,tRNA-Val-CAC-1-3,tRNA-Val-CAC-1-4,tRNA-Val-CAC-1-5,tRNA-Val-CAC-1-6,tRNA-Val-CAC-5-1,tRNA-Val-CAC-chr1-93	8	2	0.5257352941176471	692.375	Total_RNA_treated_1
581	SRR1836129	tRFM#tRNA-Val-CAC-1-1	58	A	28.0	554.9920000000001	0.05045117767463314	G,G,G,G,G,G,G,G	1,1,1,1,1,1,1,14	tRNA-Val-CAC-1-1,tRNA-Val-CAC-1-2,tRNA-Val-CAC-1-3,tRNA-Val-CAC-1-4,tRNA-Val-CAC-1-5,tRNA-Val-CAC-1-6,tRNA-Val-CAC-5-1,tRNA-Val-CAC-chr1-93	8	2	0.9396960287628696	942.6666666666666	Total_RNA_treated_1
582	SRR1836129	tRFM#tRNA-iMet-CAT-1-1	9	G	40.0	121.0	0.3305785123966942	C,C,C,C,C,C,C,C	5,5,5,5,5,5,5,5	tRNA-iMet-CAT-1-1,tRNA-iMet-CAT-1-2,tRNA-iMet-CAT-1-3,tRNA-iMet-CAT-1-4,tRNA-iMet-CAT-1-5,tRNA-iMet-CAT-1-6,tRNA-iMet-CAT-1-7,tRNA-iMet-CAT-1-8	8	1	0.9536423841059603	73.5	Total_RNA_treated_1
583	SRR1836130	tRFM#tRNA-Ala-AGC-2-1	33	A	14.0	14.0	1.0	G	14	tRNA-Ala-AGC-7-1	1	1	1.0	18.666666666666668	Total_RNA_treated_2
584	SRR1836130	tRFM#tRNA-Ala-AGC-2-1	36	A	14.0	14.0	1.0	G	14	tRNA-Ala-AGC-7-1	1	1	1.0	18.666666666666668	Total_RNA_treated_2
585	SRR1836130	tRFM#tRNA-Ala-AGC-4-1	33	A	16.0	16.0	1.0	G	16	tRNA-Ala-AGC-4-1	1	1	1.0	31.5	Total_RNA_treated_2
586	SRR1836130	tRFM#tRNA-Ala-AGC-4-1	36	A	16.0	16.0	1.0	G	16	tRNA-Ala-AGC-4-1	1	1	1.0	31.5	Total_RNA_treated_2
587	SRR1836130	tRFM#tRNA-Ala-CGC-1-1	36	A	11.0	11.0	1.0	G	11	tRNA-Ala-CGC-1-1	1	1	1.0	20.666666666666668	Total_RNA_treated_2
588	SRR1836130	tRFM#tRNA-Ala-CGC-2-1	36	A	13.0	13.0	1.0	G	13	tRNA-Ala-CGC-2-1	1	1	1.0	15.5	Total_RNA_treated_2
589	SRR1836130	tRFM#tRNA-Ala-TGC-3-1	25	G	20.0	20.0	1.0	A	20	tRNA-Ala-TGC-3-2	1	1	1.0	17.75	Total_RNA_treated_2
590	SRR1836130	tRFM#tRNA-Ala-TGC-3-1	36	A	48.0	48.0	1.0	G,G	14,34	tRNA-Ala-TGC-3-1,tRNA-Ala-TGC-3-2	2	2	1.0	41.0	Total_RNA_treated_2
591	SRR1836130	tRFM#tRNA-Ala-TGC-5-1	25	G	11.0	11.0	1.0	A	11	tRNA-Ala-TGC-5-1	1	1	1.0	10.5	Total_RNA_treated_2
592	SRR1836130	tRFM#tRNA-Ala-TGC-5-1	36	A	27.0	27.0	1.0	G	27	tRNA-Ala-TGC-5-1	1	1	1.0	26.5	Total_RNA_treated_2
593	SRR1836130	tRFM#tRNA-Arg-ACG-1-1	58	A	10.0	19.0	0.5263157894736842	G	10	tRNA-Arg-ACG-1-3	1	1	1.0	116.6	Total_RNA_treated_2
594	SRR1836130	tRFM#tRNA-Arg-ACG-2-1	58	A	12.0	17.25	0.6956521739130435	G	12	tRNA-Arg-ACG-2-4	1	1	1.0	76.8	Total_RNA_treated_2
595	SRR1836130	tRFM#tRNA-Arg-CCG-1-1	58	A	46.0	92.0	0.5	G,T	18,28	tRNA-Arg-CCG-1-3	1	2	1.0	300.1666666666667	Total_RNA_treated_2
596	SRR1836130	tRFM#tRNA-Arg-CCG-2-1	58	A	30.0	79.0	0.379746835443038	G,T	14,16	tRNA-Arg-CCG-2-1	1	2	1.0	162.66666666666666	Total_RNA_treated_2
597	SRR1836130	tRFM#tRNA-Asn-GTT-2-1	27	G	13.0	13.0	1.0	T,T,T,T,T,T,T,T	1,1,1,1,1,1,1,1	tRNA-Asn-GTT-2-1,tRNA-Asn-GTT-2-2,tRNA-Asn-GTT-2-3,tRNA-Asn-GTT-2-4,tRNA-Asn-GTT-2-5,tRNA-Asn-GTT-2-6,tRNA-Asn-GTT-chr1-110,tRNA-Asn-GTT-chr1-21	8	1	1.0	45.125	Total_RNA_treated_2
598	SRR1836130	tRFM#tRNA-Asn-GTT-2-1	59	A	9.775999999999998	55.663999999999994	0.1756251796493245	T,T,T,T,T,T,T,T	1,1,1,1,1,1,1,1	tRNA-Asn-GTT-2-1,tRNA-Asn-GTT-2-2,tRNA-Asn-GTT-2-3,tRNA-Asn-GTT-2-4,tRNA-Asn-GTT-2-5,tRNA-Asn-GTT-2-6,tRNA-Asn-GTT-chr1-110,tRNA-Asn-GTT-chr1-21	8	1	1.0	53.0656	Total_RNA_treated_2
599	SRR1836130	tRFM#tRNA-Asn-GTT-3-1	59	A	19.222	52.333	0.36730170255861505	T	19	tRNA-Asn-GTT-3-1	1	1	1.0	65.111	Total_RNA_treated_2
600	SRR1836130	tRFM#tRNA-Asp-GTC-2-1	9	A	28.995999999999995	102.993	0.28153369646480825	T,T,T,T,T,T,T,T,T,T,T	2,2,2,2,2,2,2,2,2,2,2	tRNA-Asp-GTC-2-1,tRNA-Asp-GTC-2-10,tRNA-Asp-GTC-2-11,tRNA-Asp-GTC-2-2,tRNA-Asp-GTC-2-3,tRNA-Asp-GTC-2-4,tRNA-Asp-GTC-2-5,tRNA-Asp-GTC-2-6,tRNA-Asp-GTC-2-7,tRNA-Asp-GTC-2-8,tRNA-Asp-GTC-2-9	11	1	0.8214496169711255	86.625375	Total_RNA_treated_2
602	SRR1836130	tRFM#tRNA-Cys-GCA-11-1	57	A	20.0	26.25	0.7619047619047619	T	20	tRNA-Cys-GCA-11-1	1	1	1.0	59.333333333333336	Total_RNA_treated_2
603	SRR1836130	tRFM#tRNA-Glu-CTC-1-1	9	G	17.997	759.9899999999998	0.023680574744404537	T,T,T,T,T,T,T	2,2,2,2,2,2,2	tRNA-Glu-CTC-1-1,tRNA-Glu-CTC-1-2,tRNA-Glu-CTC-1-3,tRNA-Glu-CTC-1-4,tRNA-Glu-CTC-1-5,tRNA-Glu-CTC-1-6,tRNA-Glu-CTC-1-7	7	1	0.18419373301842729	26.998625000000004	Total_RNA_treated_2
604	SRR1836130	tRFM#tRNA-Glu-CTC-1-1	57	A	52.997	953.6660000000002	0.05557186688001878	T,T,T,T,T,T,T	7,7,7,7,7,7,7	tRNA-Glu-CTC-1-1,tRNA-Glu-CTC-1-2,tRNA-Glu-CTC-1-3,tRNA-Glu-CTC-1-4,tRNA-Glu-CTC-1-5,tRNA-Glu-CTC-1-6,tRNA-Glu-CTC-1-7	7	1	0.4543243790031072	273.0013333333334	Total_RNA_treated_2
605	SRR1836130	tRFM#tRNA-Glu-TTC-1-1	9	G	11.0	100.0	0.11	T,T	5,5	tRNA-Glu-TTC-1-1,tRNA-Glu-TTC-1-2	2	1	1.0	17.8	Total_RNA_treated_2
606	SRR1836130	tRFM#tRNA-Glu-TTC-2-1	9	G	10.0	255.0	0.0392156862745098	C,C	5,5	tRNA-Glu-TTC-2-1,tRNA-Glu-TTC-2-2	2	1	1.0	29.833333333333332	Total_RNA_treated_2
607	SRR1836130	tRFM#tRNA-Gly-TCC-2-1	57	A	10.001999999999999	28.253999999999998	0.3540029730303674	T,T,T,T,T,T	1,1,1,1,1,1	tRNA-Gly-TCC-2-1,tRNA-Gly-TCC-2-2,tRNA-Gly-TCC-2-3,tRNA-Gly-TCC-2-4,tRNA-Gly-TCC-2-5,tRNA-Gly-TCC-2-6	6	1	1.0	39.62475	Total_RNA_treated_2
608	SRR1836130	tRFM#tRNA-His-GTG-1-1	57	A	9.999	147.01500000000004	0.068013468013468	T,T,T,T,T,T,T,T,T	1,1,1,1,1,1,1,1,1	tRNA-His-GTG-1-1,tRNA-His-GTG-1-2,tRNA-His-GTG-1-3,tRNA-His-GTG-1-4,tRNA-His-GTG-1-5,tRNA-His-GTG-1-6,tRNA-His-GTG-1-7,tRNA-His-GTG-1-8,tRNA-His-GTG-1-9	9	1	1.0	156.24925000000002	Total_RNA_treated_2
609	SRR1836130	tRFM#tRNA-Ile-AAT-5-1	27	G	41.0	41.0	1.0	A,T	31,10	tRNA-Ile-AAT-5-5	1	2	1.0	87.75	Total_RNA_treated_2
610	SRR1836130	tRFM#tRNA-Ile-AAT-5-1	35	A	52.25	52.25	1.0	G,G,G,G,G	2,2,2,2,43	tRNA-Ile-AAT-5-1,tRNA-Ile-AAT-5-2,tRNA-Ile-AAT-5-3,tRNA-Ile-AAT-5-4,tRNA-Ile-AAT-5-5	5	2	1.0	60.828125	Total_RNA_treated_2
611	SRR1836130	tRFM#tRNA-Ile-AAT-7-1	35	A	4.5	4.5	1.0	G,G	2,2	tRNA-Ile-AAT-7-1,tRNA-Ile-AAT-7-2	2	1	1.0	33.0625	Total_RNA_treated_2
612	SRR1836130	tRFM#tRNA-Ile-AAT-8-1	35	A	2.25	2.25	1.0	G	2	tRNA-Ile-AAT-8-1	1	1	1.0	3.03125	Total_RNA_treated_2
613	SRR1836130	tRFM#tRNA-Ile-TAT-2-1	27	G	12.0	12.0	1.0	A,A,A	4,4,4	tRNA-Ile-TAT-2-1,tRNA-Ile-TAT-2-2,tRNA-Ile-TAT-2-3	3	1	1.0	23.666833333333333	Total_RNA_treated_2
614	SRR1836130	tRFM#tRNA-Leu-CAA-1-1	38	G	20.0	31.0	0.6451612903225806	T,T	10,10	tRNA-Leu-CAA-1-1,tRNA-Leu-CAA-1-2	2	1	1.0	19.333333333333332	Total_RNA_treated_2
615	SRR1836130	tRFM#tRNA-Leu-CAA-1-1	46	A	18.0	81.5	0.22085889570552147	G	18	tRNA-Leu-CAA-1-2	1	1	1.0	47.2	Total_RNA_treated_2
616	SRR1836130	tRFM#tRNA-Leu-CAA-3-1	38	G	14.0	14.0	1.0	T	14	tRNA-Leu-CAA-3-1	1	1	1.0	14.0	Total_RNA_treated_2
617	SRR1836130	tRFM#tRNA-Leu-CAG-1-1	68	A	12.0	27.570999999999998	0.43523992600921263	G	12	tRNA-Leu-CAG-1-7	1	1	1.0	73.0	Total_RNA_treated_2
618	SRR1836130	tRFM#tRNA-Leu-CAG-2-1	68	A	15.0	56.5	0.26548672566371684	G	15	tRNA-Leu-CAG-2-2	1	1	1.0	16.0	Total_RNA_treated_2
619	SRR1836130	tRFM#tRNA-Lys-TTT-2-1	58	A	26.0	74.5	0.348993288590604	T	26	tRNA-Lys-TTT-2-1	1	1	0.946236559139785	60.0	Total_RNA_treated_2
620	SRR1836130	tRFM#tRNA-Lys-TTT-3-1	58	A	92.0	207.2	0.444015444015444	T	92	tRNA-Lys-TTT-3-5	1	1	0.9844054580896684	345.125	Total_RNA_treated_2
622	SRR1836130	tRFM#tRNA-Met-CAT-2-1	26	G	3.0	3.0	1.0	A	3	tRNA-Met-CAT-2-1	1	1	1.0	12.3125	Total_RNA_treated_2
623	SRR1836130	tRFM#tRNA-Met-CAT-3-1	26	G	11.0	11.0	1.0	A,A	5,5	tRNA-Met-CAT-3-1,tRNA-Met-CAT-3-2	2	1	1.0	13.0	Total_RNA_treated_2
624	SRR1836130	tRFM#tRNA-Met-CAT-4-1	26	G	9.0	9.0	1.0	A,A,A	3,3,3	tRNA-Met-CAT-4-1,tRNA-Met-CAT-4-2,tRNA-Met-CAT-4-3	3	1	1.0	8.625	Total_RNA_treated_2
625	SRR1836130	tRFM#tRNA-Met-CAT-6-1	26	G	10.0	10.0	1.0	A	10	tRNA-Met-CAT-6-1	1	1	1.0	23.333333333333332	Total_RNA_treated_2
626	SRR1836130	tRFM#tRNA-Phe-GAA-1-1	58	A	79.0	132.667	0.5954758907640936	T,G	50,29	tRNA-Phe-GAA-1-6	1	2	0.9942112879884226	268.875	Total_RNA_treated_2
627	SRR1836130	tRFM#tRNA-Phe-GAA-6-1	27	T	26.0	26.0	1.0	C	26	tRNA-Phe-GAA-6-1	1	1	1.0	19.875	Total_RNA_treated_2
628	SRR1836130	tRFM#tRNA-Phe-GAA-6-1	28	T	26.0	26.0	1.0	C	26	tRNA-Phe-GAA-6-1	1	1	1.0	19.875	Total_RNA_treated_2
629	SRR1836130	tRFM#tRNA-Ser-TGA-3-1	32	C	32.0	56.0	0.5714285714285714	A,T	15,17	tRNA-Ser-TGA-3-1	1	2	0.5714285714285714	19.0	Total_RNA_treated_2
630	SRR1836130	tRFM#tRNA-Ser-TGA-3-1	34	T	56.0	56.0	1.0	G	56	tRNA-Ser-TGA-3-1	1	1	1.0	105.5	Total_RNA_treated_2
631	SRR1836130	tRFM#tRNA-Thr-AGT-1-1	27	G	56.0	59.5	0.9411764705882353	A	56	tRNA-Thr-AGT-1-3	1	1	0.9411764705882353	90.25	Total_RNA_treated_2
632	SRR1836130	tRFM#tRNA-Thr-AGT-1-1	35	A	66.5	66.5	1.0	G,G,G	3,3,59	tRNA-Thr-AGT-1-1,tRNA-Thr-AGT-1-2,tRNA-Thr-AGT-1-3	3	2	1.0	127.9375	Total_RNA_treated_2
633	SRR1836130	tRFM#tRNA-Thr-AGT-4-1	27	G	17.0	17.0	1.0	A	17	tRNA-Thr-AGT-4-1	1	1	1.0	15.0	Total_RNA_treated_2
634	SRR1836130	tRFM#tRNA-Thr-AGT-4-1	35	A	17.0	17.0	1.0	G	17	tRNA-Thr-AGT-4-1	1	1	1.0	15.0	Total_RNA_treated_2
635	SRR1836130	tRFM#tRNA-Thr-AGT-5-1	35	A	3.5	3.5	1.0	G	3	tRNA-Thr-AGT-5-1	1	1	1.0	12.5625	Total_RNA_treated_2
636	SRR1836130	tRFM#tRNA-Thr-CGT-3-1	27	G	12.0	22.0	0.5454545454545454	A	12	tRNA-Thr-CGT-3-1	1	1	1.0	28.5	Total_RNA_treated_2
637	SRR1836130	tRFM#tRNA-Thr-CGT-3-1	35	C	22.0	22.0	1.0	G	22	tRNA-Thr-CGT-3-1	1	1	1.0	37.25	Total_RNA_treated_2
638	SRR1836130	tRFM#tRNA-Tyr-GTA-2-1	42	A	13.0	25.666999999999998	0.5064869287411852	T	13	tRNA-Tyr-GTA-2-1	1	1	1.0	93.2	Total_RNA_treated_2
639	SRR1836130	tRFM#tRNA-Val-AAC-2-1	34	A	17.0	17.0	1.0	G	17	tRNA-Val-AAC-2-1	1	1	1.0	135.57142857142858	Total_RNA_treated_2
640	SRR1836130	tRFM#tRNA-Val-CAC-1-1	34	C	206.0	558.0	0.36917562724014336	G,G,G,G,G,G,G,G	24,24,24,24,24,24,24,35	tRNA-Val-CAC-1-1,tRNA-Val-CAC-1-2,tRNA-Val-CAC-1-3,tRNA-Val-CAC-1-4,tRNA-Val-CAC-1-5,tRNA-Val-CAC-1-6,tRNA-Val-CAC-5-1,tRNA-Val-CAC-chr1-93	8	2	0.5257352941176471	692.375	Total_RNA_treated_2
641	SRR1836130	tRFM#tRNA-Val-CAC-1-1	58	A	30.0	585.4319999999999	0.05124420940433732	G,G,G,G,G,G,G,G	2,2,2,2,2,2,2,13	tRNA-Val-CAC-1-1,tRNA-Val-CAC-1-2,tRNA-Val-CAC-1-3,tRNA-Val-CAC-1-4,tRNA-Val-CAC-1-5,tRNA-Val-CAC-1-6,tRNA-Val-CAC-5-1,tRNA-Val-CAC-chr1-93	8	2	0.9396960287628696	942.6666666666666	Total_RNA_treated_2
642	SRR1836130	tRFM#tRNA-iMet-CAT-1-1	9	G	38.0	89.0	0.42696629213483145	C,C,C,C,C,C,C,C	4,4,4,4,4,4,4,4	tRNA-iMet-CAT-1-1,tRNA-iMet-CAT-1-2,tRNA-iMet-CAT-1-3,tRNA-iMet-CAT-1-4,tRNA-iMet-CAT-1-5,tRNA-iMet-CAT-1-6,tRNA-iMet-CAT-1-7,tRNA-iMet-CAT-1-8	8	1	0.9536423841059603	73.5	Total_RNA_treated_2
