#tRNA_family	Total_RNA_control_1	Total_RNA_control_2	Total_RNA_treated_1	Total_RNA_treated_2	tRNA_control1	tRNA_control2	tRNA_treated1	tRNA_treated2
tRFM#nm-tRNA-Tyr-ATA-chr1-64	0.0	0.0	0.0	0.0	0.0	0.0	0.0	0.0
tRFM#nm-tRNA-Tyr-ATA-chr11-8	0.0	0.0	0.0	0.0	0.0	0.0	0.0	0.0
tRFM#nm-tRNA-Tyr-GTA-chr17-33	0.0	0.0	0.0	0.0	0.0	0.0	0.0	0.0
tRFM#nm-tRNA-Tyr-GTA-chr2-12	0.0	0.0	0.0	0.0	0.0	0.0	0.0	0.0
tRFM#nm-tRNA-Tyr-GTA-chr7-1	0.0	0.0	0.0	0.0	0.0	0.0	0.0	0.0
tRFM#nm-tRNA-Tyr-GTA-chr7-6	0.0	0.0	0.0	0.0	0.0	0.0	0.0	0.0
tRFM#nm-tRNA-Tyr-GTA-chr9-10	0.0	0.0	0.0	0.0	0.0	0.0	0.0	0.0
tRFM#nm-tRNA-Tyr-GTA-chr9-4	0.0	0.0	0.0	0.0	0.0	0.0	0.0	0.0
tRFM#nmt-tRNA-Gln-CTG-1-1	0.0	0.0	0.0	0.0	0.0	0.0	0.0	0.0
tRFM#nmt-tRNA-Gln-TTG-1-1	0.0	0.0	0.0	0.0	0.0	0.0	0.0	0.0
tRFM#nmt-tRNA-Gln-TTG-2-1	0.0	0.0	0.0	0.0	0.0	0.0	0.0	0.0
tRFM#nmt-tRNA-Gln-TTG-3-1	0.0	0.0	0.0	0.0	0.0	0.0	0.0	0.0
tRFM#nmt-tRNA-Gln-TTG-4-1	0.0	0.0	0.0	0.0	0.0	0.0	0.0	0.0
tRFM#nmt-tRNA-Gln-TTG-5-1	0.0	0.0	0.0	0.0	0.0	0.0	0.0	0.0
tRFM#nmt-tRNA-Gln-TTG-6-1	0.0	0.0	0.0	0.0	0.0	0.0	0.0	0.0
tRFM#nmt-tRNA-Gln-TTG-7-1	0.0	0.0	0.0	0.0	0.0	0.0	0.0	0.0
tRFM#nmt-tRNA-Gln-TTG-9-1	0.0	0.0	0.0	0.0	0.0	0.0	0.0	0.0
tRFM#nmt-tRNA-Leu-TAA-1-1	0.0	0.0	0.0	0.0	0.0	0.0	0.0	0.0
tRFM#nmt-tRNA-Leu-TAA-4-1	0.0	0.0	0.0	0.0	0.0	0.0	0.0	0.0
tRFM#nmt-tRNA-Pro-TGG-1-1	0.0	0.0	0.0	0.0	0.0	0.0	0.0	0.0
tRFM#nmt-tRNA-Val-TAC-1-1	0.0	0.0	0.0	0.0	0.0	0.0	0.0	0.0
tRFM#tRNA-Ala-AGC-1-1	14.0	17.0	14.0	0.0	48.0	63.0	10.0	17.0
tRFM#tRNA-Ala-AGC-10-1	0.0	0.0	0.0	0.0	0.0	0.0	0.0	0.0
tRFM#tRNA-Ala-AGC-11-1	57.0	35.0	10.0	0.0	158.0	153.0	61.0	54.0
tRFM#tRNA-Ala-AGC-12-1	0.0	0.0	0.0	0.0	32.0	19.0	0.0	12.0
tRFM#tRNA-Ala-AGC-13-1	0.0	0.0	0.0	0.0	0.0	0.0	0.0	0.0
tRFM#tRNA-Ala-AGC-14-1	0.0	0.0	0.0	0.0	0.0	0.0	0.0	0.0
tRFM#tRNA-Ala-AGC-15-1	0.0	0.0	0.0	0.0	10.0	0.0	0.0	0.0
tRFM#tRNA-Ala-AGC-16-1	0.0	0.0	0.0	0.0	0.0	0.0	0.0	0.0
tRFM#tRNA-Ala-AGC-17-1	0.0	0.0	0.0	0.0	0.0	0.0	0.0	0.0
tRFM#tRNA-Ala-AGC-18-1	0.0	0.0	0.0	0.0	0.0	0.0	0.0	0.0
tRFM#tRNA-Ala-AGC-19-1	0.0	0.0	0.0	0.0	0.0	0.0	0.0	0.0
tRFM#tRNA-Ala-AGC-2-1	55.001000000000005	55.998999999999995	21.0	14.0	74.0	92.0	21.0	0.0
tRFM#tRNA-Ala-AGC-20-1	0.0	0.0	0.0	0.0	0.0	0.0	0.0	0.0
tRFM#tRNA-Ala-AGC-21-1	0.0	0.0	0.0	0.0	0.0	0.0	0.0	0.0
tRFM#tRNA-Ala-AGC-22-1	0.0	0.0	0.0	0.0	0.0	0.0	0.0	0.0
tRFM#tRNA-Ala-AGC-23-1	0.0	0.0	0.0	0.0	0.0	0.0	0.0	0.0
tRFM#tRNA-Ala-AGC-3-1	13.0	0.0	0.0	0.0	0.0	16.0	0.0	12.0
tRFM#tRNA-Ala-AGC-4-1	68.0	53.0	44.0	16.0	146.0	132.0	28.0	38.0
tRFM#tRNA-Ala-AGC-5-1	12.0	0.0	0.0	0.0	12.0	11.0	0.0	0.0
tRFM#tRNA-Ala-AGC-6-1	0.0	0.0	0.0	0.0	19.0	30.0	0.0	0.0
tRFM#tRNA-Ala-AGC-8-1	45.0	19.0	13.0	0.0	115.0	168.0	39.0	64.0
tRFM#tRNA-Ala-AGC-9-1	0.0	0.0	0.0	0.0	0.0	0.0	0.0	0.0
tRFM#tRNA-Ala-AGC-chr6-96	0.0	0.0	0.0	0.0	0.0	0.0	0.0	0.0
tRFM#tRNA-Ala-AGC-chr6-97	0.0	0.0	0.0	0.0	0.0	0.0	0.0	0.0
tRFM#tRNA-Ala-ATC-chr6-107	0.0	0.0	0.0	0.0	0.0	0.0	0.0	0.0
tRFM#tRNA-Ala-CGC-1-1	9.642999999999999	7.5	0.0	11.0	21.0	20.5	25.0	26.0
tRFM#tRNA-Ala-CGC-2-1	26.143	19.667	22.333000000000002	13.0	12.0	10.0	0.0	0.0
tRFM#tRNA-Ala-CGC-3-1	2.1430000000000002	10.0	0.0	0.0	20.0	28.0	0.0	15.0
tRFM#tRNA-Ala-CGC-4-1	68.0	60.0	0.0	0.0	0.0	0.0	0.0	0.0
tRFM#tRNA-Ala-CGC-5-1	0.0	0.0	0.0	0.0	0.0	0.0	0.0	0.0
tRFM#tRNA-Ala-TGC-1-1	0.0	0.0	0.0	0.0	0.0	0.0	0.0	0.0
tRFM#tRNA-Ala-TGC-2-1	20.643	7.5	0.0	0.0	64.0	79.5	0.0	0.0
tRFM#tRNA-Ala-TGC-3-1	251.286	200.334	78.666	48.0	95.0	88.0	11.0	35.0
tRFM#tRNA-Ala-TGC-4-1	14.142999999999999	12.0	0.0	0.0	13.0	10.0	0.0	0.0
tRFM#tRNA-Ala-TGC-5-1	124.0	99.0	26.0	27.0	0.0	0.0	0.0	0.0
tRFM#tRNA-Ala-TGC-6-1	0.0	0.0	0.0	0.0	0.0	0.0	0.0	0.0
tRFM#tRNA-Ala-TGC-7-1	0.0	0.0	0.0	0.0	0.0	0.0	0.0	0.0
tRFM#tRNA-Ala-TGC-8-1	0.0	0.0	0.0	0.0	0.0	0.0	0.0	0.0
tRFM#tRNA-Ala-TGC-9-1	0.0	0.0	0.0	0.0	0.0	0.0	0.0	0.0
tRFM#tRNA-Arg-ACG-1-1	75.0	74.0	33.999	37.0	221.0	212.999	18.0	20.001
tRFM#tRNA-Arg-ACG-2-1	69.0	64.0	13.0	33.0	116.0	123.0	45.0	16.0
tRFM#tRNA-Arg-CCG-1-1	316.0	288.0	145.251	184.0	605.75	544.5	120.501	97.5
tRFM#tRNA-Arg-CCG-2-1	217.0	197.0	44.0	79.0	276.0	280.0	47.0	12.0
tRFM#tRNA-Arg-CCT-1-1	0.0	0.0	13.0	0.0	0.0	0.0	10.0	15.0
tRFM#tRNA-Arg-CCT-2-1	0.0	0.0	0.0	0.0	0.0	0.0	0.0	0.0
tRFM#tRNA-Arg-CCT-3-1	0.0	0.0	0.0	0.0	0.0	0.0	0.0	0.0
tRFM#tRNA-Arg-CCT-4-1	0.0	0.0	0.0	0.0	0.0	0.0	15.0	0.0
tRFM#tRNA-Arg-CCT-5-1	0.0	0.0	0.0	0.0	0.0	0.0	0.0	0.0
tRFM#tRNA-Arg-TCG-1-1	24.0	16.0	16.0	27.0	90.0	67.0	56.0	29.0
tRFM#tRNA-Arg-TCG-2-1	43.0	44.0	37.0	32.0	121.0	114.0	10.0	20.0
tRFM#tRNA-Arg-TCG-3-1	3.0	0.0	29.75	39.0	7.25	3.5	32.5	47.5
tRFM#tRNA-Arg-TCG-4-1	0.0	0.0	10.0	0.0	28.0	28.0	10.0	0.0
tRFM#tRNA-Arg-TCG-5-1	83.0	75.0	44.0	58.0	253.0	254.0	27.0	22.0
tRFM#tRNA-Arg-TCG-6-1	0.0	0.0	0.0	0.0	0.0	0.0	0.0	0.0
tRFM#tRNA-Arg-TCT-1-1	24.0	0.0	0.0	12.0	41.0	32.0	46.0	34.0
tRFM#tRNA-Arg-TCT-2-1	0.0	0.0	0.0	0.0	15.0	0.0	10.0	0.0
tRFM#tRNA-Arg-TCT-3-1	0.0	0.0	0.0	0.0	10.0	0.0	0.0	0.0
tRFM#tRNA-Arg-TCT-4-1	0.0	0.0	0.0	0.0	0.0	0.0	0.0	0.0
tRFM#tRNA-Arg-TCT-5-1	0.0	0.0	0.0	0.0	0.0	0.0	0.0	0.0
tRFM#tRNA-Asn-ATT-1-1	0.0	0.0	0.0	0.0	0.0	0.0	0.0	0.0
tRFM#tRNA-Asn-GTT-1-1	0.0	0.0	0.0	0.0	0.0	0.0	12.0	28.0
tRFM#tRNA-Asn-GTT-10-1	0.0	0.0	0.0	0.0	0.0	0.0	0.0	0.0
tRFM#tRNA-Asn-GTT-11-2	0.0	0.0	0.0	0.0	0.0	0.0	0.0	0.0
tRFM#tRNA-Asn-GTT-12-1	0.0	0.0	0.0	0.0	0.0	0.0	0.0	0.0
tRFM#tRNA-Asn-GTT-13-1	0.0	0.0	0.0	0.0	0.0	0.0	0.0	0.0
tRFM#tRNA-Asn-GTT-15-1	0.0	0.0	0.0	0.0	0.0	0.0	0.0	0.0
tRFM#tRNA-Asn-GTT-16-1	0.0	0.0	0.0	0.0	0.0	0.0	0.0	0.0
tRFM#tRNA-Asn-GTT-16-5	0.0	0.0	0.0	0.0	0.0	0.0	0.0	0.0
tRFM#tRNA-Asn-GTT-17-1	0.0	0.0	0.0	0.0	0.0	0.0	0.0	0.0
tRFM#tRNA-Asn-GTT-2-1	26.112000000000002	33.448	40.0	55.663999999999994	129.656	66.336	212.36000000000007	166.55200000000002
tRFM#tRNA-Asn-GTT-20-1	0.0	0.0	0.0	0.0	0.0	0.0	0.0	0.0
tRFM#tRNA-Asn-GTT-21-1	0.0	0.0	0.0	0.0	0.0	0.0	0.0	0.0
tRFM#tRNA-Asn-GTT-22-1	0.0	0.0	0.0	0.0	0.0	0.0	0.0	0.0
tRFM#tRNA-Asn-GTT-3-1	38.889	34.556	64.0	52.333	137.332	140.667	176.92	174.44400000000002
tRFM#tRNA-Asn-GTT-4-1	0.0	0.0	0.0	0.0	0.0	0.0	3.364	0.0
tRFM#tRNA-Asn-GTT-6-1	0.0	0.0	0.0	0.0	0.0	0.0	0.0	0.0
tRFM#tRNA-Asn-GTT-7-1	0.0	0.0	0.0	0.0	0.0	0.0	0.0	0.0
tRFM#tRNA-Asn-GTT-8-1	0.0	0.0	0.0	0.0	0.0	0.0	0.0	0.0
tRFM#tRNA-Asn-GTT-9-1	0.0	0.0	0.0	0.0	0.0	0.0	0.0	0.0
tRFM#tRNA-Asn-GTT-9-2	0.0	0.0	0.0	0.0	0.0	0.0	0.0	0.0
tRFM#tRNA-Asn-GTT-chr1-111	0.0	0.0	0.0	0.0	0.0	0.0	0.0	0.0
tRFM#tRNA-Asn-GTT-chr1-122	0.0	0.0	0.0	0.0	0.0	0.0	0.0	0.0
tRFM#tRNA-Asn-GTT-chr1-126	0.0	0.0	0.0	0.0	0.0	0.0	0.0	0.0
tRFM#tRNA-Asn-GTT-chr1-139	0.0	0.0	0.0	0.0	0.0	0.0	0.0	0.0
tRFM#tRNA-Asn-GTT-chr1-140	0.0	0.0	0.0	0.0	0.0	0.0	3.364	0.0
tRFM#tRNA-Asn-GTT-chr1-29	0.0	0.0	0.0	0.0	0.0	0.0	0.0	0.0
tRFM#tRNA-Asn-GTT-chr1-99	0.0	0.0	0.0	0.0	0.0	0.0	0.0	0.0
tRFM#tRNA-Asn-GTT-chr1_KI270713v1_random-2	0.0	0.0	0.0	0.0	0.0	0.0	0.0	0.0
tRFM#tRNA-Asp-GTC-1-1	0.0	0.0	0.0	0.0	13.0	0.0	0.0	11.0
tRFM#tRNA-Asp-GTC-2-1	146.344	164.109	170.016	214.742	740.1610000000001	596.902	741.0050000000001	506.5720000000001
tRFM#tRNA-Asp-GTC-3-1	1.6669999999999998	0.917	0.0	1.25	3.8339999999999996	1.083	10.0	1.4169999999999998
tRFM#tRNA-Asp-GTC-4-1	0.0	0.0	0.0	0.0	0.0	0.0	0.0	0.0
tRFM#tRNA-Asp-GTC-5-1	0.0	0.0	0.0	0.0	0.0	0.0	0.0	0.0
tRFM#tRNA-Asp-GTC-6-1	0.0	0.0	0.0	0.0	0.0	0.0	0.0	0.0
tRFM#tRNA-Cys-ACA-1-1	0.0	0.0	0.0	0.0	0.0	0.0	0.0	0.0
tRFM#tRNA-Cys-GCA-1-1	0.0	0.0	0.0	1.111	0.0	0.0	0.0	0.0
tRFM#tRNA-Cys-GCA-10-1	0.0	0.0	0.0	0.0	0.0	0.0	0.0	0.0
tRFM#tRNA-Cys-GCA-11-1	55.0	49.0	22.5	26.25	94.5	126.125	7.5	11.708
tRFM#tRNA-Cys-GCA-12-1	0.0	0.0	0.0	0.0	0.0	0.0	0.0	0.0
tRFM#tRNA-Cys-GCA-13-1	0.0	0.0	0.0	0.0	0.0	0.0	0.0	0.0
tRFM#tRNA-Cys-GCA-14-1	0.0	0.0	0.0	0.0	0.0	10.0	0.0	1.3330000000000002
tRFM#tRNA-Cys-GCA-15-1	0.0	0.0	0.0	0.0	0.0	0.0	0.0	0.0
tRFM#tRNA-Cys-GCA-16-1	0.0	0.0	0.0	0.0	0.0	0.0	0.0	0.0
tRFM#tRNA-Cys-GCA-17-1	0.0	0.0	0.0	0.0	0.0	0.0	0.0	0.0
tRFM#tRNA-Cys-GCA-18-1	0.0	0.0	0.0	1.111	0.0	0.0	0.0	0.0
tRFM#tRNA-Cys-GCA-19-1	0.0	0.0	0.0	0.0	0.0	0.0	0.0	0.0
tRFM#tRNA-Cys-GCA-2-1	0.0	0.0	30.0	25.0	6.0	8.5	30.0	46.832
tRFM#tRNA-Cys-GCA-20-1	0.0	0.0	0.0	0.0	0.0	0.0	0.0	0.0
tRFM#tRNA-Cys-GCA-21-1	0.0	0.0	0.0	0.0	0.0	0.0	0.0	0.0
tRFM#tRNA-Cys-GCA-22-1	0.0	0.0	0.0	0.0	0.0	0.0	0.0	0.0
tRFM#tRNA-Cys-GCA-23-1	0.0	0.0	0.0	0.0	0.0	0.0	0.0	0.0
tRFM#tRNA-Cys-GCA-24-1	0.0	0.0	0.0	0.0	0.0	0.0	0.0	0.0
tRFM#tRNA-Cys-GCA-25-1	0.0	0.0	0.0	0.0	0.0	0.0	0.0	0.0
tRFM#tRNA-Cys-GCA-3-1	0.0	0.0	0.0	1.111	0.0	0.0	0.0	0.0
tRFM#tRNA-Cys-GCA-4-1	20.0	21.0	26.0	32.0	46.0	57.0	13.0	11.0
tRFM#tRNA-Cys-GCA-5-1	0.0	0.0	7.5	6.25	1.5	2.125	7.5	11.708
tRFM#tRNA-Cys-GCA-6-1	0.0	0.0	0.0	1.111	0.0	0.0	0.0	0.0
tRFM#tRNA-Cys-GCA-7-1	0.0	0.0	7.5	6.25	1.5	2.125	7.5	11.708
tRFM#tRNA-Cys-GCA-8-1	0.0	0.0	7.5	6.25	1.5	2.125	7.5	11.708
tRFM#tRNA-Cys-GCA-9-1	0.0	0.0	0.0	4.444	0.0	0.0	0.0	0.0
tRFM#tRNA-Cys-GCA-chr7-25	0.0	0.0	0.0	0.0	0.0	0.0	0.0	0.0
tRFM#tRNA-Gln-CTG-1-1	52.165	41.16499999999999	133.0	113.0	453.67	343.665	875.6700000000001	629.0
tRFM#tRNA-Gln-CTG-10-1	0.0	0.0	0.0	0.0	0.0	0.0	0.0	0.0
tRFM#tRNA-Gln-CTG-11-1	0.0	0.0	0.0	0.0	0.0	0.0	0.0	0.0
tRFM#tRNA-Gln-CTG-12-1	0.0	0.0	0.0	0.0	0.0	0.0	0.0	0.0
tRFM#tRNA-Gln-CTG-13-1	0.0	0.0	0.0	0.0	0.0	0.0	0.0	0.0
tRFM#tRNA-Gln-CTG-16-1	0.0	0.0	0.0	0.0	0.0	0.0	0.0	0.0
tRFM#tRNA-Gln-CTG-2-1	0.0	0.0	0.0	0.0	57.0	33.0	127.0	42.0
tRFM#tRNA-Gln-CTG-3-1	0.0	0.0	0.0	0.0	11.0	11.0	10.0	0.0
tRFM#tRNA-Gln-CTG-4-1	0.0	0.0	0.0	0.0	0.0	0.0	26.0	0.0
tRFM#tRNA-Gln-CTG-5-1	2.833	1.8330000000000002	0.0	0.0	4.334	2.333	3.3339999999999996	0.0
tRFM#tRNA-Gln-CTG-6-1	0.0	0.0	0.0	0.0	0.0	0.0	0.0	0.0
tRFM#tRNA-Gln-CTG-7-1	0.0	0.0	0.0	0.0	0.0	0.0	0.0	0.0
tRFM#tRNA-Gln-CTG-8-1	0.0	0.0	0.0	0.0	0.0	0.0	0.0	0.0
tRFM#tRNA-Gln-CTG-9-1	0.0	0.0	0.0	0.0	0.0	0.0	0.0	0.0
tRFM#tRNA-Gln-CTG-chr1-23	0.0	0.0	0.0	0.0	0.0	0.0	0.0	0.0
tRFM#tRNA-Gln-TTG-1-1	7.9	3.75	4.75	7.75	28.25	13.75	45.0	26.0
tRFM#tRNA-Gln-TTG-2-1	2.4	0.0	0.0	0.0	10.0	0.0	11.0	0.0
tRFM#tRNA-Gln-TTG-3-1	23.700000000000003	11.25	14.25	23.25	84.75	41.25	105.0	78.0
tRFM#tRNA-Gln-TTG-4-1	0.0	0.0	0.0	0.0	0.0	0.0	0.0	0.0
tRFM#tRNA-Gln-TTG-5-1	0.0	0.0	0.0	0.0	0.0	0.0	0.0	0.0
tRFM#tRNA-Gln-TTG-6-1	0.0	0.0	0.0	0.0	0.0	0.0	0.0	0.0
tRFM#tRNA-Glu-CTC-1-1	1366.8990000000001	1710.2340000000002	899.4300000000001	953.6660000000002	168.007	194.00300000000001	176.21800000000002	168.994
tRFM#tRNA-Glu-CTC-2-1	0.0	0.0	0.0	0.0	0.0	0.0	0.0	0.0
tRFM#tRNA-Glu-CTC-3-1	0.0	0.0	0.0	0.0	0.0	0.0	0.0	0.0
tRFM#tRNA-Glu-CTC-5-1	0.0	0.0	0.0	0.0	0.0	0.0	0.0	0.0
tRFM#tRNA-Glu-GAA-chr1-125	0.0	0.0	0.0	0.0	0.0	0.0	0.0	0.0
tRFM#tRNA-Glu-GAA-chr1-18	0.0	0.0	0.0	0.0	0.0	0.0	0.0	0.0
tRFM#tRNA-Glu-TTC-1-1	44.0	44.0	88.0	116.0	43.0	44.0	43.0	44.0
tRFM#tRNA-Glu-TTC-10-1	0.0	0.0	0.0	0.0	0.0	0.0	0.0	0.0
tRFM#tRNA-Glu-TTC-11-1	0.0	0.0	0.0	0.0	0.0	0.0	0.0	0.0
tRFM#tRNA-Glu-TTC-2-1	435.0	532.0	372.0	355.0	33.0	37.0	61.0	16.0
tRFM#tRNA-Glu-TTC-3-1	0.0	0.0	0.0	0.0	0.0	0.0	0.0	0.0
tRFM#tRNA-Glu-TTC-4-2	35.111999999999995	65.778	42.553999999999995	24.334	0.0	0.0	3.778	10.0
tRFM#tRNA-Glu-TTC-5-1	0.0	0.0	0.0	0.0	0.0	0.0	0.0	0.0
tRFM#tRNA-Glu-TTC-6-1	0.0	0.0	0.0	0.0	0.0	0.0	0.0	0.0
tRFM#tRNA-Glu-TTC-7-1	0.0	0.0	0.0	0.0	0.0	0.0	0.0	0.0
tRFM#tRNA-Glu-TTC-8-1	0.0	0.0	0.0	0.0	0.0	0.0	0.0	0.0
tRFM#tRNA-Glu-TTC-9-1	0.0	0.0	0.0	0.0	0.0	0.0	0.0	0.0
tRFM#tRNA-Glu-TTC-chr1-127	0.0	0.0	0.0	0.0	0.0	0.0	0.0	0.0
tRFM#tRNA-Gly-CAC-chr1-17	0.0	0.0	0.0	0.0	0.0	0.0	0.0	0.0
tRFM#tRNA-Gly-CAC-chr1-94	0.0	0.0	0.0	0.0	0.0	0.0	0.0	0.0
tRFM#tRNA-Gly-CCC-1-2	0.0	0.0	0.0	0.0	0.0	0.0	0.0	0.0
tRFM#tRNA-Gly-CCC-2-1	10.0	0.0	60.0	41.0	254.0	156.0	228.0	189.0
tRFM#tRNA-Gly-CCC-3-1	0.0	0.0	0.0	0.0	0.0	0.0	0.0	0.0
tRFM#tRNA-Gly-CCC-6-1	0.0	0.0	0.0	0.0	0.0	0.0	0.0	0.0
tRFM#tRNA-Gly-CCC-7-1	0.0	0.0	0.0	0.0	0.0	0.0	0.0	0.0
tRFM#tRNA-Gly-CCC-8-1	0.0	0.0	0.0	0.0	0.0	0.0	0.0	0.0
tRFM#tRNA-Gly-CCC-chr1-104	0.0	0.0	0.0	0.0	0.0	0.0	0.0	0.0
tRFM#tRNA-Gly-CCC-chr1-135	0.0	0.0	0.0	0.0	0.0	0.0	0.0	0.0
tRFM#tRNA-Gly-CCC-chr1-2	0.0	0.0	0.0	0.0	0.0	0.0	0.0	0.0
tRFM#tRNA-Gly-CCC-chr1-33	0.0	0.0	0.0	0.0	0.0	0.0	0.0	0.0
tRFM#tRNA-Gly-GCC-1-1	47.0	51.0	141.0	115.0	401.0	243.0	507.0	418.0
tRFM#tRNA-Gly-GCC-2-1	0.0	30.0	68.004	49.998	214.998	124.002	343.99799999999993	260.99399999999997
tRFM#tRNA-Gly-GCC-3-1	0.0	0.0	0.0	0.0	0.0	0.0	0.0	0.0
tRFM#tRNA-Gly-GCC-4-1	0.0	0.0	0.0	0.0	0.0	0.0	0.0	0.0
tRFM#tRNA-Gly-GCC-5-1	0.0	0.0	0.0	0.0	0.0	0.0	0.0	0.0
tRFM#tRNA-Gly-GCC-6-1	0.0	0.0	0.0	0.0	0.0	0.0	0.0	0.0
tRFM#tRNA-Gly-TCC-1-1	0.0	0.0	3.25	1.375	0.0	0.0	0.0	0.0
tRFM#tRNA-Gly-TCC-2-1	34.002	46.002	61.49400000000001	40.254000000000005	57.0	71.994	72.0	62.00400000000001
tRFM#tRNA-Gly-TCC-3-1	0.0	0.0	3.25	1.375	0.0	0.0	0.0	0.0
tRFM#tRNA-Gly-TCC-4-1	0.0	0.0	0.0	0.0	0.0	0.0	0.0	0.0
tRFM#tRNA-Gly-TTG-chr8-10	0.0	0.0	0.0	0.0	0.0	0.0	0.0	0.0
tRFM#tRNA-His-GTG-1-1	128.999	113.99600000000001	213.003	147.01500000000004	452.99699999999996	427.00300000000004	602.9910000000001	645.993
tRFM#tRNA-His-GTG-2-1	0.0	0.0	0.0	0.0	0.0	0.0	0.0	0.0
tRFM#tRNA-Ile-AAT-1-1	0.0	0.0	0.0	0.0	0.0	0.0	0.0	1.556
tRFM#tRNA-Ile-AAT-10-1	0.0	0.0	0.0	0.0	0.0	0.0	0.0	0.0
tRFM#tRNA-Ile-AAT-11-1	0.0	0.0	0.0	0.0	0.0	0.0	0.0	0.0
tRFM#tRNA-Ile-AAT-2-1	0.0	0.0	0.0	0.0	0.0	0.0	0.0	0.0
tRFM#tRNA-Ile-AAT-3-1	0.0	0.0	0.0	0.0	0.0	0.0	0.0	0.0
tRFM#tRNA-Ile-AAT-4-1	0.0	0.0	0.0	0.0	0.0	0.0	13.0	0.0
tRFM#tRNA-Ile-AAT-5-1	12.0	12.0	33.75	52.25	34.0	17.0	155.625	177.78
tRFM#tRNA-Ile-AAT-6-1	0.0	0.0	0.0	0.0	0.0	0.0	0.0	14.0
tRFM#tRNA-Ile-AAT-7-1	0.0	0.0	3.5	4.5	0.0	0.0	66.25	61.112
tRFM#tRNA-Ile-AAT-8-1	0.0	0.0	1.75	2.25	0.0	0.0	4.125	5.556
tRFM#tRNA-Ile-AAT-9-1	0.0	0.0	0.0	0.0	0.0	0.0	0.0	0.0
tRFM#tRNA-Ile-AAT-chr6-38	0.0	0.0	0.0	0.0	0.0	0.0	0.0	0.0
tRFM#tRNA-Ile-AAT-chr6-79	0.0	0.0	0.0	0.0	0.0	0.0	0.0	0.0
tRFM#tRNA-Ile-GAT-1-1	0.0	0.0	0.0	0.0	0.0	0.0	0.0	0.0
tRFM#tRNA-Ile-GAT-chrX-5	0.0	0.0	0.0	0.0	0.0	0.0	0.0	0.0
tRFM#tRNA-Ile-GAT-chrX-9	0.0	0.0	0.0	0.0	0.0	0.0	0.0	0.0
tRFM#tRNA-Ile-TAT-1-1	0.0	0.0	0.0	0.0	0.0	0.0	14.0	0.0
tRFM#tRNA-Ile-TAT-2-1	0.0	0.0	37.998	12.0	56.0	33.0	63.99900000000001	101.001
tRFM#tRNA-Ile-TAT-3-1	0.0	0.0	0.0	0.0	0.0	0.0	0.0	0.0
tRFM#tRNA-Leu-AAG-1-1	5.454000000000001	0.0	0.0	0.0	0.0	0.0	3.9990000000000006	12.333000000000002
tRFM#tRNA-Leu-AAG-2-1	7.272	0.0	0.0	0.0	0.0	0.0	15.332	16.444000000000003
tRFM#tRNA-Leu-AAG-3-1	1.818	0.0	0.0	0.0	0.0	0.0	0.0	0.0
tRFM#tRNA-Leu-AAG-4-1	1.818	0.0	0.0	0.0	0.0	0.0	0.0	0.0
tRFM#tRNA-Leu-AAG-5-1	0.0	0.0	0.0	0.0	0.0	0.0	0.0	0.0
tRFM#tRNA-Leu-AAG-6-1	0.0	0.0	0.0	0.0	0.0	0.0	0.0	0.0
tRFM#tRNA-Leu-AAG-7-1	0.0	0.0	0.0	0.0	0.0	0.0	0.0	0.0
tRFM#tRNA-Leu-CAA-1-1	108.572	100.572	172.0	145.0	3.714	18.142	18.142	28.858
tRFM#tRNA-Leu-CAA-2-1	56.286	29.285999999999998	0.0	10.0	19.857	18.570999999999998	1.571	1.429
tRFM#tRNA-Leu-CAA-3-1	10.286	21.285999999999998	13.0	49.0	1.857	1.571	1.571	1.429
tRFM#tRNA-Leu-CAA-4-1	10.286	4.2860000000000005	0.0	0.0	1.857	1.571	1.571	1.429
tRFM#tRNA-Leu-CAA-5-1	0.0	0.0	0.0	0.0	0.0	0.0	0.0	0.0
tRFM#tRNA-Leu-CAA-6-1	0.0	0.0	0.0	0.0	0.0	0.0	0.0	0.0
tRFM#tRNA-Leu-CAG-1-1	94.0	87.997	92.99499999999999	131.0	113.0	102.99900000000001	213.00300000000001	179.98399999999998
tRFM#tRNA-Leu-CAG-2-1	30.571999999999996	19.572	68.0	98.0	3.714	31.142	32.141999999999996	39.858000000000004
tRFM#tRNA-Leu-CAG-chr9-7	0.0	0.0	0.0	0.0	0.0	0.0	0.0	0.0
tRFM#tRNA-Leu-TAA-1-1	64.0	82.0	86.0	124.0	75.0	140.0	86.0	66.0
tRFM#tRNA-Leu-TAA-2-1	0.0	0.0	0.0	0.0	0.0	0.0	0.0	0.0
tRFM#tRNA-Leu-TAA-3-1	13.0	11.0	44.0	51.0	13.0	41.0	0.0	17.0
tRFM#tRNA-Leu-TAA-4-1	0.0	0.0	0.0	0.0	0.0	0.0	0.0	0.0
tRFM#tRNA-Leu-TAA-5-1	0.0	0.0	0.0	0.0	0.0	0.0	0.0	0.0
tRFM#tRNA-Leu-TAA-chr11-11	0.0	0.0	0.0	0.0	0.0	0.0	0.0	0.0
tRFM#tRNA-Leu-TAG-1-1	1.818	0.0	0.0	0.0	0.0	0.0	1.3330000000000002	4.111000000000001
tRFM#tRNA-Leu-TAG-2-1	0.0	0.0	0.0	0.0	0.0	0.0	0.0	0.0
tRFM#tRNA-Leu-TAG-3-1	1.818	0.0	0.0	0.0	0.0	0.0	13.333	4.111000000000001
tRFM#tRNA-Leu-TAG-4-1	0.0	0.0	0.0	0.0	0.0	0.0	0.0	0.0
tRFM#tRNA-Lys-CTT-1-1	0.0	0.0	2.444	17.112000000000002	43.0	12.0	105.334	82.444
tRFM#tRNA-Lys-CTT-10-1	0.0	0.0	0.0	0.0	0.0	0.0	0.0	0.0
tRFM#tRNA-Lys-CTT-11-1	0.0	0.0	0.0	0.0	0.0	0.0	0.0	0.0
tRFM#tRNA-Lys-CTT-12-1	0.0	0.0	0.0	0.0	0.0	0.0	0.0	0.0
tRFM#tRNA-Lys-CTT-13-1	0.0	0.0	0.0	0.0	0.0	0.0	0.0	0.0
tRFM#tRNA-Lys-CTT-14-1	0.0	0.0	0.0	0.0	0.0	0.0	0.0	0.0
tRFM#tRNA-Lys-CTT-15-1	0.0	0.0	0.0	0.0	0.0	0.0	0.0	0.0
tRFM#tRNA-Lys-CTT-16-1	0.0	0.0	0.0	0.0	0.0	0.0	0.0	0.0
tRFM#tRNA-Lys-CTT-2-1	0.0	12.0	109.11	65.78	69.0	63.0	223.335	177.255
tRFM#tRNA-Lys-CTT-3-1	0.0	0.0	1.222	1.556	0.0	0.0	4.667	5.651
tRFM#tRNA-Lys-CTT-4-1	0.0	0.0	1.222	1.556	11.0	17.0	4.667	5.651
tRFM#tRNA-Lys-CTT-5-1	0.0	0.0	0.0	0.0	0.0	0.0	0.0	0.0
tRFM#tRNA-Lys-CTT-6-1	0.0	0.0	0.0	0.0	0.0	0.0	0.0	0.0
tRFM#tRNA-Lys-CTT-7-1	0.0	0.0	0.0	0.0	0.0	0.0	0.0	0.0
tRFM#tRNA-Lys-CTT-8-1	0.0	0.0	0.0	0.0	0.0	0.0	0.0	0.0
tRFM#tRNA-Lys-CTT-9-1	0.0	0.0	0.0	0.0	0.0	0.0	0.0	0.0
tRFM#tRNA-Lys-CTT-chr15-5	0.0	0.0	0.0	0.0	0.0	0.0	0.0	0.0
tRFM#tRNA-Lys-CTT-chr16-1	0.0	0.0	0.0	0.0	0.0	0.0	0.0	0.0
tRFM#tRNA-Lys-CTT-chr7-30	0.0	0.0	0.0	0.0	0.0	0.0	0.0	0.0
tRFM#tRNA-Lys-TTT-1-1	17.0	22.0	25.0	16.0	14.0	34.0	19.0	36.0
tRFM#tRNA-Lys-TTT-10-1	0.0	0.0	0.0	0.0	0.0	0.0	0.0	0.0
tRFM#tRNA-Lys-TTT-11-1	0.0	0.0	0.0	0.0	0.0	0.0	0.0	0.0
tRFM#tRNA-Lys-TTT-12-1	0.0	0.0	0.0	0.0	0.0	0.0	0.0	0.0
tRFM#tRNA-Lys-TTT-13-1	0.0	0.0	0.0	0.0	0.0	0.0	0.0	0.0
tRFM#tRNA-Lys-TTT-14-1	0.0	0.0	0.0	0.0	0.0	0.0	0.0	0.0
tRFM#tRNA-Lys-TTT-15-1	0.0	0.0	0.0	0.0	0.0	0.0	0.0	0.0
tRFM#tRNA-Lys-TTT-2-1	77.5	99.5	68.0	74.5	69.0	93.0	31.5	61.0
tRFM#tRNA-Lys-TTT-3-1	495.0	481.0	568.0	612.0	763.0	1026.0	827.0	922.0
tRFM#tRNA-Lys-TTT-4-1	6.5	6.5	50.0	48.5	5.0	5.0	31.5	50.0
tRFM#tRNA-Lys-TTT-5-1	0.0	0.0	0.0	0.0	0.0	0.0	0.0	0.0
tRFM#tRNA-Lys-TTT-6-1	0.0	0.0	0.0	0.0	0.0	0.0	0.0	0.0
tRFM#tRNA-Lys-TTT-7-1	0.0	0.0	0.0	0.0	0.0	0.0	0.0	0.0
tRFM#tRNA-Lys-TTT-8-1	0.0	0.0	0.0	0.0	0.0	0.0	0.0	0.0
tRFM#tRNA-Lys-TTT-9-1	0.0	0.0	0.0	0.0	0.0	0.0	0.0	0.0
tRFM#tRNA-Lys-TTT-chr3-2	0.0	0.0	0.0	0.0	0.0	0.0	0.0	0.0
tRFM#tRNA-Met-CAT-1-1	0.0	0.0	0.0	0.0	0.0	0.0	0.0	0.0
tRFM#tRNA-Met-CAT-2-1	12.0	14.0	6.0	7.25	18.0	46.5	17.75	11.0
tRFM#tRNA-Met-CAT-3-1	0.0	0.0	11.0	24.0	26.0	11.0	10.0	13.0
tRFM#tRNA-Met-CAT-4-1	0.0	0.0	18.0	21.75	0.0	10.5	53.25	33.0
tRFM#tRNA-Met-CAT-5-1	0.0	0.0	0.0	0.0	0.0	0.0	0.0	0.0
tRFM#tRNA-Met-CAT-6-1	0.0	0.0	24.0	28.0	33.0	32.0	65.0	65.0
tRFM#tRNA-Met-CAT-7-1	0.0	0.0	0.0	0.0	0.0	0.0	0.0	0.0
tRFM#tRNA-Met-CAT-chr6-80	0.0	0.0	0.0	0.0	0.0	0.0	0.0	0.0
tRFM#tRNA-Phe-GAA-1-1	350.664	321.998	389.00399999999996	401.00200000000007	711.0	713.998	486.996	541.0
tRFM#tRNA-Phe-GAA-11-1	0.0	0.0	0.0	0.0	0.0	0.0	0.0	0.0
tRFM#tRNA-Phe-GAA-2-1	1.444	0.0	14.5	19.5	0.0	6.0	24.5	23.0
tRFM#tRNA-Phe-GAA-3-1	18.444000000000003	22.0	14.5	19.5	50.0	54.0	24.5	23.0
tRFM#tRNA-Phe-GAA-4-1	1.444	0.0	0.0	0.0	0.0	0.0	0.0	0.0
tRFM#tRNA-Phe-GAA-5-1	0.0	0.0	0.0	0.0	0.0	0.0	0.0	0.0
tRFM#tRNA-Phe-GAA-6-1	18.0	28.0	20.0	26.0	12.0	13.0	23.0	19.0
tRFM#tRNA-Phe-GAA-7-1	0.0	0.0	0.0	0.0	0.0	0.0	0.0	0.0
tRFM#tRNA-Phe-GAA-8-1	0.0	0.0	0.0	0.0	0.0	0.0	0.0	0.0
tRFM#tRNA-Pro-AGG-1-1	0.0	0.0	1.5	1.444	0.0	1.651	3.136	1.666
tRFM#tRNA-Pro-AGG-2-1	0.0	0.0	12.0	11.552	0.0	13.208	25.087999999999997	13.328000000000001
tRFM#tRNA-Pro-AGG-3-1	0.0	0.0	0.0	0.0	0.0	0.762	2.525	1.666
tRFM#tRNA-Pro-CGG-1-1	0.0	0.0	4.5	4.332	0.0	4.953	9.408000000000001	4.997999999999999
tRFM#tRNA-Pro-CGG-2-1	0.0	0.0	0.0	0.0	0.0	0.762	2.525	1.666
tRFM#tRNA-Pro-GGG-1-1	0.0	0.0	0.0	0.0	0.0	0.0	0.0	0.0
tRFM#tRNA-Pro-TGG-1-1	55.0	52.0	13.5	1.444	129.0	126.65100000000001	8.302999999999999	1.666
tRFM#tRNA-Pro-TGG-2-1	0.0	10.0	0.0	0.0	11.0	15.762	39.525	22.666
tRFM#tRNA-Pro-TGG-3-1	0.0	0.0	7.5	7.22	10.0	22.255	126.51500000000001	87.33
tRFM#tRNA-SeC-TCA-1-1	0.0	0.0	0.0	0.0	0.0	0.0	0.0	0.0
tRFM#tRNA-SeC-TCA-2-1	0.0	0.0	0.0	0.0	0.0	0.0	0.0	0.0
tRFM#tRNA-SeC-TCA-3-1	0.0	0.0	0.0	0.0	0.0	0.0	0.0	0.0
tRFM#tRNA-Ser-ACT-1-1	0.0	0.0	0.0	0.0	0.0	0.0	0.0	0.0
tRFM#tRNA-Ser-AGA-1-1	2.0	1.636	0.0	0.0	0.909	0.0	1.182	1.364
tRFM#tRNA-Ser-AGA-2-1	12.0	9.815999999999999	10.284	17.784	5.454	0.0	35.267999999999994	33.36
tRFM#tRNA-Ser-AGA-3-1	2.0	1.636	0.0	0.0	0.909	0.0	1.182	1.364
tRFM#tRNA-Ser-AGA-4-1	17.0	13.636	0.0	1.25	33.909	29.0	4.3069999999999995	3.989
tRFM#tRNA-Ser-AGA-5-1	0.0	10.0	0.0	1.111	14.0	25.0	0.0	0.0
tRFM#tRNA-Ser-AGA-6-1	0.0	0.0	0.0	0.0	0.0	0.0	0.0	0.0
tRFM#tRNA-Ser-CGA-1-1	0.0	0.0	0.0	0.0	0.0	0.0	0.0	0.0
tRFM#tRNA-Ser-CGA-2-1	0.0	0.0	0.0	0.0	0.0	0.0	0.0	0.0
tRFM#tRNA-Ser-CGA-3-1	0.0	0.0	0.0	0.0	0.0	0.0	0.0	0.0
tRFM#tRNA-Ser-CGA-4-1	0.0	0.0	0.0	0.0	0.0	0.0	0.0	0.0
tRFM#tRNA-Ser-GCT-1-1	0.0	0.0	0.0	1.6669999999999998	0.0	0.0	0.0	1.8330000000000002
tRFM#tRNA-Ser-GCT-2-1	0.0	0.0	11.0	1.6669999999999998	0.0	0.0	40.0	44.833
tRFM#tRNA-Ser-GCT-3-1	10.0	18.0	12.0	0.0	55.0	61.0	0.0	24.2
tRFM#tRNA-Ser-GCT-4-1	0.0	0.0	52.998000000000005	62.00099999999999	0.0	0.0	120.0	163.101
tRFM#tRNA-Ser-GCT-5-1	0.0	0.0	0.0	0.0	0.0	0.0	0.0	13.2
tRFM#tRNA-Ser-GCT-6-1	0.0	0.0	0.0	1.6669999999999998	0.0	0.0	0.0	1.8330000000000002
tRFM#tRNA-Ser-TGA-1-1	0.0	0.0	10.0	10.0	0.0	0.0	0.0	0.0
tRFM#tRNA-Ser-TGA-2-1	2.0	1.636	0.0	0.0	0.909	0.0	12.182	1.364
tRFM#tRNA-Ser-TGA-3-1	2.0	1.636	30.714000000000002	58.964	0.909	0.0	180.878	167.56
tRFM#tRNA-Ser-TGA-4-1	0.0	0.0	0.0	0.0	0.0	0.0	0.0	0.0
tRFM#tRNA-Sup-TTA-1-1	0.0	0.0	0.0	0.0	0.0	0.0	0.0	0.0
tRFM#tRNA-Thr-AGT-1-1	9.0	0.0	68.0	66.5	40.0	47.0	230.75	258.25
tRFM#tRNA-Thr-AGT-2-1	0.0	0.0	0.0	0.0	0.0	0.0	0.0	11.5
tRFM#tRNA-Thr-AGT-3-1	0.0	0.0	0.0	0.0	0.0	0.0	0.0	11.0
tRFM#tRNA-Thr-AGT-4-1	0.0	0.0	17.0	17.0	0.0	0.0	12.0	14.0
tRFM#tRNA-Thr-AGT-5-1	3.0	0.0	6.0	3.5	0.0	0.0	32.25	45.75
tRFM#tRNA-Thr-AGT-6-1	0.0	0.0	0.0	0.0	0.0	0.0	0.0	5.75
tRFM#tRNA-Thr-AGT-7-1	0.0	0.0	0.0	0.0	0.0	0.0	0.0	0.0
tRFM#tRNA-Thr-CGT-1-1	0.0	0.0	0.0	0.0	0.0	0.0	0.0	0.0
tRFM#tRNA-Thr-CGT-2-1	0.0	0.0	14.0	0.0	0.0	0.0	22.0	13.0
tRFM#tRNA-Thr-CGT-3-1	0.0	0.0	12.0	22.0	0.0	11.0	60.0	60.75
tRFM#tRNA-Thr-CGT-4-1	0.0	0.0	0.0	0.0	0.0	0.0	0.0	10.0
tRFM#tRNA-Thr-CGT-5-1	0.0	0.0	0.0	0.0	0.0	0.0	0.0	0.0
tRFM#tRNA-Thr-CGT-6-1	0.0	0.0	0.0	0.0	0.0	0.0	0.0	0.0
tRFM#tRNA-Thr-GGC-chr19-3	0.0	0.0	0.0	0.0	0.0	0.0	0.0	0.0
tRFM#tRNA-Thr-TGT-1-1	0.0	0.0	0.0	0.0	15.0	37.0	30.0	30.0
tRFM#tRNA-Thr-TGT-2-1	0.0	0.0	0.0	0.0	0.0	0.0	16.0	27.0
tRFM#tRNA-Thr-TGT-3-1	0.0	0.0	12.0	0.0	0.0	0.0	15.0	16.0
tRFM#tRNA-Thr-TGT-4-1	0.0	11.0	21.5	21.5	25.0	35.0	85.333	56.5
tRFM#tRNA-Thr-TGT-5-1	0.0	0.0	21.5	21.5	0.0	0.0	85.333	56.5
tRFM#tRNA-Thr-TGT-6-1	0.0	0.0	0.0	0.0	0.0	0.0	3.333	0.0
tRFM#tRNA-Trp-CCA-1-1	52.2	52.0	26.2	31.0	78.2	78.0	15.95	11.5
tRFM#tRNA-Trp-CCA-2-1	70.0	90.0	110.0	133.0	99.0	103.0	75.0	58.0
tRFM#tRNA-Trp-CCA-3-1	6.6000000000000005	0.0	78.6	93.0	6.6000000000000005	9.0	47.849999999999994	34.5
tRFM#tRNA-Trp-CCA-4-1	38.0	52.0	76.0	104.0	64.0	59.0	40.0	54.0
tRFM#tRNA-Trp-CCA-5-1	2.2	0.0	26.2	31.0	2.2	3.0	12.2	7.0
tRFM#tRNA-Trp-CCA-chr7-31	0.0	0.0	0.0	0.0	0.0	0.0	0.0	0.0
tRFM#tRNA-Tyr-ATA-1-1	0.0	0.0	0.0	0.0	0.0	0.0	0.0	0.0
tRFM#tRNA-Tyr-GTA-1-1	0.0	0.0	17.0	12.5	0.0	0.0	28.0	30.5
tRFM#tRNA-Tyr-GTA-10-1	0.0	0.0	0.0	0.0	0.0	0.0	0.0	0.0
tRFM#tRNA-Tyr-GTA-11-1	0.0	0.0	0.0	0.0	0.0	0.0	0.0	0.0
tRFM#tRNA-Tyr-GTA-2-1	62.0	67.0	11.167	25.666999999999998	158.833	167.0	21.834	21.833000000000002
tRFM#tRNA-Tyr-GTA-3-1	0.0	0.0	0.0	0.0	25.0	30.0	0.0	0.0
tRFM#tRNA-Tyr-GTA-4-1	0.0	0.0	0.0	0.0	0.0	0.0	0.0	0.0
tRFM#tRNA-Tyr-GTA-5-1	0.0	0.0	55.835	63.335	9.165000000000001	0.0	109.17	109.165
tRFM#tRNA-Tyr-GTA-6-1	0.0	0.0	0.0	0.0	0.0	0.0	0.0	0.0
tRFM#tRNA-Tyr-GTA-7-1	0.0	0.0	0.0	0.0	0.0	0.0	0.0	0.0
tRFM#tRNA-Tyr-GTA-8-1	12.0	20.0	17.0	12.5	100.0	83.0	28.0	30.5
tRFM#tRNA-Tyr-GTA-9-1	0.0	0.0	0.0	0.0	0.0	0.0	0.0	0.0
tRFM#tRNA-Und-NNN-2-1	0.0	0.0	0.0	0.0	0.0	0.0	0.0	0.0
tRFM#tRNA-Und-NNN-3-1	0.0	0.0	0.0	0.0	0.0	0.0	0.0	0.0
tRFM#tRNA-Und-NNN-4-1	0.0	0.0	0.0	0.0	0.0	0.0	0.0	0.0
tRFM#tRNA-Und-NNN-5-1	0.0	0.0	0.0	0.0	0.0	0.0	0.0	0.0
tRFM#tRNA-Val-AAC-1-1	3.4399999999999995	3.5700000000000003	14.994999999999997	17.145	15.709999999999999	24.994999999999997	226.07	191.42
tRFM#tRNA-Val-AAC-2-1	13.687999999999999	0.7140000000000001	21.999000000000002	20.429000000000002	174.142	149.999	370.214	297.284
tRFM#tRNA-Val-AAC-3-1	0.0	0.0	0.0	0.0	0.0	0.0	12.0	0.0
tRFM#tRNA-Val-AAC-4-1	0.688	0.0	0.0	0.0	0.0	0.0	0.0	0.0
tRFM#tRNA-Val-AAC-5-1	0.0	0.0	0.0	0.0	0.0	0.0	0.0	0.0
tRFM#tRNA-Val-AAC-6-1	0.0	0.0	0.0	0.0	0.0	0.0	0.0	0.0
tRFM#tRNA-Val-AAC-chr6-87	0.688	0.0	0.0	0.0	0.0	0.0	0.0	0.0
tRFM#tRNA-Val-CAC-1-1	315.504	293.71200000000005	554.9920000000001	585.4319999999999	3153.1360000000004	2395.992	3506.712	3142.2720000000004
tRFM#tRNA-Val-CAC-11-2	0.0	0.0	0.0	0.0	0.0	0.0	0.0	0.0
tRFM#tRNA-Val-CAC-2-1	0.0	0.0	34.0	16.0	60.0	47.0	128.0	92.0
tRFM#tRNA-Val-CAC-3-1	0.0	10.0	33.0	41.0	0.0	0.0	0.0	23.0
tRFM#tRNA-Val-CAC-4-1	0.0	0.0	0.0	0.0	0.0	0.0	0.0	0.0
tRFM#tRNA-Val-CAC-6-1	0.0	0.0	0.0	0.0	0.0	0.0	0.0	0.0
tRFM#tRNA-Val-CAC-7-1	0.0	0.0	0.0	0.0	0.0	0.0	0.0	0.0
tRFM#tRNA-Val-CAC-9-1	0.0	0.0	0.0	0.0	0.0	0.0	0.0	0.0
tRFM#tRNA-Val-CAC-chr1-134	0.0	0.0	0.0	0.0	0.0	0.0	0.0	0.0
tRFM#tRNA-Val-CAC-chr1-16	0.0	0.0	0.0	0.0	0.0	0.0	0.0	0.0
tRFM#tRNA-Val-TAC-1-1	20.0	14.0	17.334	14.0	72.666	50.0	157.668	113.666
tRFM#tRNA-Val-TAC-2-1	10.0	7.0	8.667	7.0	26.333000000000002	25.0	58.333999999999996	39.333
tRFM#tRNA-Val-TAC-3-1	0.0	0.0	0.0	0.0	0.0	0.0	24.0	0.0
tRFM#tRNA-Val-TAC-4-1	0.0	0.0	0.0	0.0	0.0	0.0	0.0	0.0
tRFM#tRNA-Val-TAC-chr17-24	0.0	0.0	0.0	0.0	0.0	0.0	0.0	0.0
tRFM#tRNA-Val-TAC-chr2-6	0.0	0.0	0.0	0.0	0.0	0.0	0.0	0.0
tRFM#tRNA-iMet-CAT-1-1	31.0	23.0	332.0	282.0	456.0	295.0	1191.0	1083.0
tRFM#tRNA-iMet-CAT-2-1	0.0	0.0	0.0	0.0	0.0	0.0	0.0	0.0
tRFM#tRNA-iMet-CAT-3-1	0.0	0.0	0.0	0.0	0.0	0.0	0.0	0.0
